ancienne_url;nouvelle_url_relative;type
https://www.bassin-aubenas.fr/accessibilite/;/accessibilite/;301
https://www.bassin-aubenas.fr/actualites/;/actualites/;301
https://www.bassin-aubenas.fr/actualites/1ere-matinale-des-entrepreneurs/;/actualites/1ere-matinale-des-entrepreneurs/;301
https://www.bassin-aubenas.fr/actualites/2eme-edition-du-marathon-du-numerique/;/actualites/2eme-edition-du-marathon-du-numerique/;301
https://www.bassin-aubenas.fr/actualites/2eme-matinale-des-entrepreneurs/;/actualites/2eme-matinale-des-entrepreneurs/;301
https://www.bassin-aubenas.fr/actualites/3eme-matinale-des-entrepreneurs-inscrivez-vous/;/actualites/3eme-matinale-des-entrepreneurs-inscrivez-vous/;301
https://www.bassin-aubenas.fr/actualites/4-020-e-verses-a-lamicale-du-personnel-de-lhopital/;/actualites/4-020-e-verses-a-lamicale-du-personnel-de-lhopital/;301
https://www.bassin-aubenas.fr/actualites/a-table-pour-la-planete-jeudi-28-mai-2026-saint-privat/;/actualites/a-table-pour-la-planete-jeudi-28-mai-2026-saint-privat/;301
https://www.bassin-aubenas.fr/actualites/accompagner-le-de-clic-du-numerique/;/actualites/accompagner-le-de-clic-du-numerique/;301
https://www.bassin-aubenas.fr/actualites/accueil-de-loisirs-itinerant-des-vacances-dautomne-2022/;/actualites/accueil-de-loisirs-itinerant-des-vacances-dautomne-2022/;301
https://www.bassin-aubenas.fr/actualites/accueil-de-loisirs-itinerant-des-vacances-dautomne/;/actualites/accueil-de-loisirs-itinerant-des-vacances-dautomne/;301
https://www.bassin-aubenas.fr/actualites/accueil-de-loisirs-itinerant-des-vacances-de-fevrier-2022/;/actualites/accueil-de-loisirs-itinerant-des-vacances-de-fevrier-2022/;301
https://www.bassin-aubenas.fr/actualites/accueil-de-loisirs-itinerant-des-vacances-dete-2022/;/actualites/accueil-de-loisirs-itinerant-des-vacances-dete-2022/;301
https://www.bassin-aubenas.fr/actualites/accueil-de-loisirs-itinerant-des-vacances-dete-2024/;/actualites/accueil-de-loisirs-itinerant-des-vacances-dete-2024/;301
https://www.bassin-aubenas.fr/actualites/accueil-de-loisirs-itinerant-des-vacances-dete-2026/;/actualites/accueil-de-loisirs-itinerant-des-vacances-dete-2026/;301
https://www.bassin-aubenas.fr/actualites/accueil-de-loisirs-itinerant-des-vacances-dete/;/actualites/accueil-de-loisirs-itinerant-des-vacances-dete/;301
https://www.bassin-aubenas.fr/actualites/accueil-de-loisirs-itinerant-des-vacances-dhiver/;/actualites/accueil-de-loisirs-itinerant-des-vacances-dhiver/;301
https://www.bassin-aubenas.fr/actualites/accueil-de-loisirs-itinerant-des-vacances-hiver-2025/;/actualites/accueil-de-loisirs-itinerant-des-vacances-hiver-2025/;301
https://www.bassin-aubenas.fr/actualites/accueil-de-loisirs-itinerant-les-inscriptions-sont-ouvertes/;/actualites/accueil-de-loisirs-itinerant-les-inscriptions-sont-ouvertes/;301
https://www.bassin-aubenas.fr/actualites/accueil-de-loisirs-itinerant-vacances-automne-2024/;/actualites/accueil-de-loisirs-itinerant-vacances-automne-2024/;301
https://www.bassin-aubenas.fr/actualites/accueil-de-loisirs-itinerant-vacances-automne-2026/;/actualites/accueil-de-loisirs-itinerant-vacances-automne-2026/;301
https://www.bassin-aubenas.fr/actualites/accueil-de-loisirs-itinerant-vacances-dautomne-2025/;/actualites/accueil-de-loisirs-itinerant-vacances-dautomne-2025/;301
https://www.bassin-aubenas.fr/actualites/accueil-de-loisirs-itinerant-vacances-hiver-2026/;/actualites/accueil-de-loisirs-itinerant-vacances-hiver-2026/;301
https://www.bassin-aubenas.fr/actualites/accueil-de-loisirs-itinerant-vacances-printemps-2025/;/actualites/accueil-de-loisirs-itinerant-vacances-printemps-2025/;301
https://www.bassin-aubenas.fr/actualites/achat-en-vrac/;/actualites/achat-en-vrac/;301
https://www.bassin-aubenas.fr/actualites/activites-pour-les-enfants-pendant-les-vacances/;/actualites/activites-pour-les-enfants-pendant-les-vacances/;301
https://www.bassin-aubenas.fr/actualites/agenda-mediatheque-janvier-juin-2026/;/actualites/agenda-mediatheque-janvier-juin-2026/;301
https://www.bassin-aubenas.fr/actualites/aide-a-lachat-dun-velo-a-assistance-electrique/;/habitat-urbanisme-mobilite/mobilite/aide-a-l-achat-d-un-velo-electrique/;301
https://www.bassin-aubenas.fr/actualites/aide-aux-agriculteurs-pour-ecouler-leur-production/;/actualites/aide-aux-agriculteurs-pour-ecouler-leur-production/;301
https://www.bassin-aubenas.fr/actualites/aides-aux-travaux-dans-votre-logement-video/;/actualites/aides-aux-travaux-dans-votre-logement-video/;301
https://www.bassin-aubenas.fr/actualites/animations-nature-2026-ens-roc-gourdon/;/actualites/animations-nature-2026-ens-roc-gourdon/;301
https://www.bassin-aubenas.fr/actualites/appel-a-projets-soutien-aux-actions-culturelles-sur-le-territoire-du-leader-ardeche-2024/;/actualites/appel-a-projets-soutien-aux-actions-culturelles-sur-le-territoire-du-l/;301
https://www.bassin-aubenas.fr/actualites/appel-candidatures-espelidou-2026/;/actualites/appel-candidatures-espelidou-2026/;301
https://www.bassin-aubenas.fr/actualites/arrete-temporaire-reglementant-la-navigation-sur-la-riviere-ardeche-labegude-et-ucel/;/actualites/arrete-temporaire-reglementant-la-navigation-sur-la-riviere-ardeche-la/;301
https://www.bassin-aubenas.fr/actualites/astronomades-2021/;/actualites/astronomades-2021/;301
https://www.bassin-aubenas.fr/actualites/astronomades-appel-a-temoins/;/actualites/astronomades-appel-a-temoins/;301
https://www.bassin-aubenas.fr/actualites/avril-2026-programmation-mediatheque/;/actualites/avril-2026-programmation-mediatheque/;301
https://www.bassin-aubenas.fr/actualites/balade-avec-la-camera-thermique-a-aubenas/;/actualites/balade-avec-la-camera-thermique-a-aubenas/;301
https://www.bassin-aubenas.fr/actualites/besoin-daide-ou-envie-daider/;/actualites/besoin-daide-ou-envie-daider/;301
https://www.bassin-aubenas.fr/actualites/bonne-annee-2023/;/actualites/bonne-annee-2023/;301
https://www.bassin-aubenas.fr/actualites/bulletin-dactualites-du-bassin-daubenas-n4-dans-vos-boites-aux-lettres/;/actualites/bulletin-dactualites-du-bassin-daubenas-n4-dans-vos-boites-aux-lettres/;301
https://www.bassin-aubenas.fr/actualites/cinema-sous-les-etoiles-le-programme-de-lete-2025/;/actualites/cinema-sous-les-etoiles-le-programme-de-lete-2025/;301
https://www.bassin-aubenas.fr/actualites/collecte-dechets-rattrapage-jours-feries-decembre-2024-janvier-2025/;/actualites/collecte-dechets-rattrapage-jours-feries-decembre-2024-janvier-2025/;301
https://www.bassin-aubenas.fr/actualites/collecte-dechets-rattrapage-jours-feries-novembre-2024/;/actualites/collecte-dechets-rattrapage-jours-feries-novembre-2024/;301
https://www.bassin-aubenas.fr/actualites/collecte-des-dechets-du-14-juillet-2023/;/actualites/collecte-des-dechets-du-14-juillet-2023/;301
https://www.bassin-aubenas.fr/actualites/collecte-des-dechets-du-18-mai-2023/;/actualites/collecte-des-dechets-du-18-mai-2023/;301
https://www.bassin-aubenas.fr/actualites/collecte-des-dechets-du-1er-et-8-mai/;/actualites/collecte-des-dechets-du-1er-et-8-mai/;301
https://www.bassin-aubenas.fr/actualites/collecte-des-dechets-du-1er-novembre/;/actualites/collecte-des-dechets-du-1er-novembre/;301
https://www.bassin-aubenas.fr/actualites/collecte-des-dechets-du-29-mai-2023/;/actualites/collecte-des-dechets-du-29-mai-2023/;301
https://www.bassin-aubenas.fr/actualites/collecte-des-dechets-du-jeudi-15-aout-2024/;/actualites/collecte-des-dechets-du-jeudi-15-aout-2024/;301
https://www.bassin-aubenas.fr/actualites/collecte-des-dechets-novembre-2022/;/actualites/collecte-des-dechets-novembre-2022/;301
https://www.bassin-aubenas.fr/actualites/collecte-des-dechets-rattrapage-jour-ferie/;/actualites/collecte-des-dechets-rattrapage-jour-ferie/;301
https://www.bassin-aubenas.fr/actualites/collecte-des-dechets-rattrapages-des-jours-feries-2/;/actualites/collecte-des-dechets-rattrapages-des-jours-feries-2/;301
https://www.bassin-aubenas.fr/actualites/collecte-des-dechets-rattrapages-des-jours-feries/;/actualites/collecte-des-dechets-rattrapages-des-jours-feries/;301
https://www.bassin-aubenas.fr/actualites/collecte-des-sapins-du-6-au-10-janvier-2025/;/actualites/collecte-des-sapins-du-6-au-10-janvier-2025/;301
https://www.bassin-aubenas.fr/actualites/collecte-des-sapins-du-8-au-12-janvier-2024/;/actualites/collecte-des-sapins-du-8-au-12-janvier-2024/;301
https://www.bassin-aubenas.fr/actualites/collecte-des-sapins-du-9-au-13-janvier-2023/;/actualites/collecte-des-sapins-du-9-au-13-janvier-2023/;301
https://www.bassin-aubenas.fr/actualites/collecte-sapins-2026/;/actualites/collecte-sapins-2026/;301
https://www.bassin-aubenas.fr/actualites/comment-travaille-la-poste-pendant-le-confinement/;/actualites/comment-travaille-la-poste-pendant-le-confinement/;301
https://www.bassin-aubenas.fr/actualites/commission-intercommunale-daccessibilite/;/actualites/commission-intercommunale-daccessibilite/;301
https://www.bassin-aubenas.fr/actualites/concours-photos-2026-arbres-emblematiques-du-roc-de-gourdon-et-des-contreforts-du-coiron/;/actualites/concours-photos-2026-arbres-emblematiques-du-roc-de-gourdon-et-des-con/;301
https://www.bassin-aubenas.fr/actualites/concours-propulse-ton-entreprise-les-9-10-avril-2025/;/actualites/concours-propulse-ton-entreprise-les-9-10-avril-2025/;301
https://www.bassin-aubenas.fr/actualites/conferences-apprivoiser-les-ecrans/;/actualites/conferences-apprivoiser-les-ecrans/;301
https://www.bassin-aubenas.fr/actualites/conseil-communautaire-du-29-juin-2021/;/actualites/conseil-communautaire-du-29-juin-2021/;301
https://www.bassin-aubenas.fr/actualites/conseil-local-de-developpement-2/;/actualites/conseil-local-de-developpement-2/;301
https://www.bassin-aubenas.fr/actualites/de-moments-conviviaux-pour-tous-les-ages/;/actualites/de-moments-conviviaux-pour-tous-les-ages/;301
https://www.bassin-aubenas.fr/actualites/dechetteries-reouverture-pour-les-dechets-verts-uniquement/;/actualites/dechetteries-reouverture-pour-les-dechets-verts-uniquement/;301
https://www.bassin-aubenas.fr/actualites/defis-famille-a-alimentation-positive/;/actualites/defis-famille-a-alimentation-positive/;301
https://www.bassin-aubenas.fr/actualites/delais-dinstruction-durbanisme-suspendus-ou-reportes/;/actualites/delais-dinstruction-durbanisme-suspendus-ou-reportes/;301
https://www.bassin-aubenas.fr/actualites/des-ateliers-pour-les-seniors-sur-le-bassin-daubenas/;/actualites/des-ateliers-pour-les-seniors-sur-le-bassin-daubenas/;301
https://www.bassin-aubenas.fr/actualites/des-changements-pour-cet-ete-a-la-mediatheque-intercommunale/;/actualites/des-changements-pour-cet-ete-a-la-mediatheque-intercommunale/;301
https://www.bassin-aubenas.fr/actualites/des-collectes-de-dechets-moins-polluantes/;/actualites/des-collectes-de-dechets-moins-polluantes/;301
https://www.bassin-aubenas.fr/actualites/des-locaux-professionnels-disponibles-a-la-pepiniere-dentreprises-lespelidou/;/actualites/des-locaux-professionnels-disponibles-a-la-pepiniere-dentreprises-lesp/;301
https://www.bassin-aubenas.fr/actualites/enquete-aupres-des-agriculteurs-pour-dresser-un-portrait-de-lagriculture-sur-le-bassin-daubenas/;/actualites/enquete-aupres-des-agriculteurs-pour-dresser-un-portrait-de-lagricultu/;301
https://www.bassin-aubenas.fr/actualites/enquete-participative-et-concours-photo-espace-naturel-sensible-roc-de-gourdon/;/actualites/enquete-participative-et-concours-photo-espace-naturel-sensible-roc-de/;301
https://www.bassin-aubenas.fr/actualites/evenement-les-coulisses-de-lindustrie-en-sud-ardeche-jeudi-20-novembre-2025/;/actualites/evenement-les-coulisses-de-lindustrie-en-sud-ardeche-jeudi-20-novembre/;301
https://www.bassin-aubenas.fr/actualites/ferie-rattrapage-collecte-dechets-1er-janvier-2026/;/actualites/ferie-rattrapage-collecte-dechets-1er-janvier-2026/;301
https://www.bassin-aubenas.fr/actualites/ferie-rattrapage-de-la-collecte-des-dechets-du-mardi-11-novembre-2025/;/actualites/ferie-rattrapage-de-la-collecte-des-dechets-du-mardi-11-novembre-2025/;301
https://www.bassin-aubenas.fr/actualites/fermetures-des-services-au-public-collecte-maintenue/;/actualites/fermetures-des-services-au-public-collecte-maintenue/;301
https://www.bassin-aubenas.fr/actualites/fete-de-lete-des-seniors/;/actualites/fete-de-lete-des-seniors/;301
https://www.bassin-aubenas.fr/actualites/fetes-de-la-rando-dimanche-31-mai-2026-vals-les-bains/;/actualites/fetes-de-la-rando-dimanche-31-mai-2026-vals-les-bains/;301
https://www.bassin-aubenas.fr/actualites/fibre-2-nouvelles-poches/;/actualites/fibre-2-nouvelles-poches/;301
https://www.bassin-aubenas.fr/actualites/formation-baby-sitting-du-19-au-23-fevrier-2024/;/actualites/formation-baby-sitting-du-19-au-23-fevrier-2024/;301
https://www.bassin-aubenas.fr/actualites/formation-baby-sitting-du-24-au-28-fevrier-2025/;/actualites/formation-baby-sitting-du-24-au-28-fevrier-2025/;301
https://www.bassin-aubenas.fr/actualites/formation-baby-sitting-du-6-au-10-fevrier-2023/;/actualites/formation-baby-sitting-du-6-au-10-fevrier-2023/;301
https://www.bassin-aubenas.fr/actualites/formation-babysitting/;/actualites/formation-babysitting/;301
https://www.bassin-aubenas.fr/actualites/formez-vous-au-bricolage-grace-au-bricobus/;/actualites/formez-vous-au-bricolage-grace-au-bricobus/;301
https://www.bassin-aubenas.fr/actualites/garde-denfant-des-places-sont-disponibles/;/actualites/garde-denfant-des-places-sont-disponibles/;301
https://www.bassin-aubenas.fr/actualites/garde-denfants-il-reste-des-places/;/actualites/garde-denfants-il-reste-des-places/;301
https://www.bassin-aubenas.fr/actualites/garde-enfants-personnels-prioritaires/;/actualites/garde-enfants-personnels-prioritaires/;301
https://www.bassin-aubenas.fr/actualites/grande-rencontre-avenir-de-l-eau-vendredi-10-juillet-2026-vals-les-bains/;/actualites/grande-rencontre-avenir-de-l-eau-vendredi-10-juillet-2026-vals-les-bai/;301
https://www.bassin-aubenas.fr/actualites/grele-ardeche-2019/;/actualites/grele-ardeche-2019/;301
https://www.bassin-aubenas.fr/actualites/guide-de-letat-post-grele-toutes-les-aides-aux-particuliers-entreprises-exploitants-agricoles-et-collectivites/;/actualites/guide-de-letat-post-grele-toutes-les-aides-aux-particuliers-entreprise/;301
https://www.bassin-aubenas.fr/actualites/idee-cadeau-noel-2024-box-ardeche-secrete/;/actualites/idee-cadeau-noel-2024-box-ardeche-secrete/;301
https://www.bassin-aubenas.fr/actualites/impact-economique-de-la-crise-covid-notre-engagement-pour-les-entreprises/;/actualites/impact-economique-de-la-crise-covid-notre-engagement-pour-les-entrepri/;301
https://www.bassin-aubenas.fr/actualites/inauguration-de-la-nouvelle-usine-de-limprimerie-chalvet/;/actualites/inauguration-de-la-nouvelle-usine-de-limprimerie-chalvet/;301
https://www.bassin-aubenas.fr/actualites/inauguration-de-la-semaine-bleue/;/actualites/inauguration-de-la-semaine-bleue/;301
https://www.bassin-aubenas.fr/actualites/inauguration-de-la-voie-douce/;/actualites/inauguration-de-la-voie-douce/;301
https://www.bassin-aubenas.fr/actualites/inauguration-des-nouveaux-locaux-sur-le-site-de-ripotier/;/actualites/inauguration-des-nouveaux-locaux-sur-le-site-de-ripotier/;301
https://www.bassin-aubenas.fr/actualites/inauguration-requalification-de-la-zae-de-lavilledieu/;/actualites/inauguration-requalification-de-la-zae-de-lavilledieu/;301
https://www.bassin-aubenas.fr/actualites/info-jeunes-feel-good-session-les-22-et-29-octobre-2025/;/actualites/info-jeunes-feel-good-session-les-22-et-29-octobre-2025/;301
https://www.bassin-aubenas.fr/actualites/info-jeunes-les-rendez-vous-de-juillet-2025/;/actualites/info-jeunes-les-rendez-vous-de-juillet-2025/;301
https://www.bassin-aubenas.fr/actualites/informations-covid-structures-daccueil-enfance-jeunesse-et-parentalite/;/actualites/informations-covid-structures-daccueil-enfance-jeunesse-et-parentalite/;301
https://www.bassin-aubenas.fr/actualites/infos-coronavirus/;/actualites/infos-coronavirus/;301
https://www.bassin-aubenas.fr/actualites/infos-covid-19-les-contacts-pour-accompagner-les-acteurs-economiques/;/economie-entreprises/aides-et-accompagnement/infos-covid-19-les-contacts-pour-accompagner-les-acteurs-economiques/;301
https://www.bassin-aubenas.fr/actualites/initiatives-de-solidarite-pour-les-agriculteurs-locaux/;/actualites/initiatives-de-solidarite-pour-les-agriculteurs-locaux/;301
https://www.bassin-aubenas.fr/actualites/inscrivez-vous-au-ragots-photovoltaique/;/actualites/inscrivez-vous-au-ragots-photovoltaique/;301
https://www.bassin-aubenas.fr/actualites/installation-conseil-communautaire-ccba-2026/;/actualites/installation-conseil-communautaire-ccba-2026/;301
https://www.bassin-aubenas.fr/actualites/jec-2019-ils-nont-pas-perdu-le-nord/;/actualites/jec-2019-ils-nont-pas-perdu-le-nord/;301
https://www.bassin-aubenas.fr/actualites/job-ete-2025/;/actualites/job-ete-2025/;301
https://www.bassin-aubenas.fr/actualites/jour-ferie-collecte-des-dechets-du-samedi-15-aout-2026/;/actualites/jour-ferie-collecte-des-dechets-du-samedi-15-aout-2026/;301
https://www.bassin-aubenas.fr/actualites/jour-ferie-rattrapage-collecte-dechets-lundi-6-avril-2026/;/actualites/jour-ferie-rattrapage-collecte-dechets-lundi-6-avril-2026/;301
https://www.bassin-aubenas.fr/actualites/jour-ferie-rattrapage-de-la-collecte-des-dechets-du-mardi-14-juillet-2026/;/actualites/jour-ferie-rattrapage-de-la-collecte-des-dechets-du-mardi-14-juillet-2/;301
https://www.bassin-aubenas.fr/actualites/journees-europeennes-des-metiers-dart-du-31-mars-au-5-avril-2025/;/actualites/journees-europeennes-des-metiers-dart-du-31-mars-au-5-avril-2025/;301
https://www.bassin-aubenas.fr/actualites/la-ccba-soutient-les-acteurs-economiques-de-son-territoire/;/actualites/la-ccba-soutient-les-acteurs-economiques-de-son-territoire/;301
https://www.bassin-aubenas.fr/actualites/la-ccba-soutient-lhotellerie-independante/;/economie-entreprises/tourisme-professionnel/aides-aux-hebergements-touristiques/;301
https://www.bassin-aubenas.fr/actualites/la-ccba-vous-invite-a-consommer-local/;/actualites/la-ccba-vous-invite-a-consommer-local/;301
https://www.bassin-aubenas.fr/actualites/la-fibre-optique-progresse-sur-le-bassin-daubenas/;/economie-entreprises/numerique-et-fibre/la-fibre-optique-progresse-sur-le-bassin-daubenas/;301
https://www.bassin-aubenas.fr/actualites/la-mediatheque-intercommunale-fait-sa-rentree/;/actualites/la-mediatheque-intercommunale-fait-sa-rentree/;301
https://www.bassin-aubenas.fr/actualites/la-mediatheque-jean-ferrat-se-renouvelle-donnez-votre-avis/;/actualites/la-mediatheque-jean-ferrat-se-renouvelle-donnez-votre-avis/;301
https://www.bassin-aubenas.fr/actualites/la-mediatheque-jean-ferrat-se-transforme/;/actualites/la-mediatheque-jean-ferrat-se-transforme/;301
https://www.bassin-aubenas.fr/actualites/la-voie-douce-sur-france-3/;/actualites/la-voie-douce-sur-france-3/;301
https://www.bassin-aubenas.fr/actualites/lagence-france-travail-daubenas-fermee-jusqua-nouvel-ordre/;/actualites/lagence-france-travail-daubenas-fermee-jusqua-nouvel-ordre/;301
https://www.bassin-aubenas.fr/actualites/lancement-des-travaux-de-la-voie-douce-ucel-st-privat/;/actualites/lancement-des-travaux-de-la-voie-douce-ucel-st-privat/;301
https://www.bassin-aubenas.fr/actualites/lancement-du-bricobus/;/actualites/lancement-du-bricobus/;301
https://www.bassin-aubenas.fr/actualites/lancement-dun-appel-a-manifestation-dinteret-en-vue-de-la-solarisation-du-patrimoine-public/;/actualites/lancement-dun-appel-a-manifestation-dinteret-en-vue-de-la-solarisation/;301
https://www.bassin-aubenas.fr/actualites/le-bassin-daubenas-terre-de-voies-douces/;/actualites/le-bassin-daubenas-terre-de-voies-douces/;301
https://www.bassin-aubenas.fr/actualites/le-bricobus-vous-aide-dans-vos-travaux/;/actualites/le-bricobus-vous-aide-dans-vos-travaux/;301
https://www.bassin-aubenas.fr/actualites/le-conseil-de-developpement-recherche-des-membres/;/actualites/le-conseil-de-developpement-recherche-des-membres/;301
https://www.bassin-aubenas.fr/actualites/le-marathon-du-numerique/;/actualites/le-marathon-du-numerique/;301
https://www.bassin-aubenas.fr/actualites/le-mois-de-la-petite-enfance-avril-2025/;/actualites/le-mois-de-la-petite-enfance-avril-2025/;301
https://www.bassin-aubenas.fr/actualites/le-mois-de-la-petite-enfance-en-avril-2026/;/actualites/le-mois-de-la-petite-enfance-en-avril-2026/;301
https://www.bassin-aubenas.fr/actualites/le-mois-de-la-petite-enfance/;/actualites/le-mois-de-la-petite-enfance/;301
https://www.bassin-aubenas.fr/actualites/le-mois-de-la-rando-2024/;/actualites/le-mois-de-la-rando-2024/;301
https://www.bassin-aubenas.fr/actualites/le-mois-de-la-rando-dimanche-14-mai-a-saint-julien-du-serre/;/actualites/le-mois-de-la-rando-dimanche-14-mai-a-saint-julien-du-serre/;301
https://www.bassin-aubenas.fr/actualites/le-mois-de-la-rando/;/actualites/le-mois-de-la-rando/;301
https://www.bassin-aubenas.fr/actualites/le-pole-info-accueil-petite-enfance-piape-vous-accompagne/;/actualites/le-pole-info-accueil-petite-enfance-piape-vous-accompagne/;301
https://www.bassin-aubenas.fr/actualites/le-pole-seniors-demenage/;/actualites/le-pole-seniors-demenage/;301
https://www.bassin-aubenas.fr/actualites/le-semaine-bleue-est-de-retour-du-3-au-8-octobre-2022/;/actualites/le-semaine-bleue-est-de-retour-du-3-au-8-octobre-2022/;301
https://www.bassin-aubenas.fr/actualites/le-service-de-la-collecte-des-dechets-injoignable-via-le-0-800-07-60-15-actuellement/;/actualites/le-service-de-la-collecte-des-dechets-injoignable-via-le-0-800-07-60-1/;301
https://www.bassin-aubenas.fr/actualites/le-service-economie-soutient-les-entreprises-du-territoire/;/actualites/le-service-economie-soutient-les-entreprises-du-territoire/;301
https://www.bassin-aubenas.fr/actualites/leader-ardeche-appels-a-projets-janvier-2026/;/actualites/leader-ardeche-appels-a-projets-janvier-2026/;301
https://www.bassin-aubenas.fr/actualites/lecture-publique-ateliers-parlons-reseau-2024/;/actualites/lecture-publique-ateliers-parlons-reseau-2024/;301
https://www.bassin-aubenas.fr/actualites/les-appels-a-projets-du-programme-leader-ardeche/;/actualites/les-appels-a-projets-du-programme-leader-ardeche/;301
https://www.bassin-aubenas.fr/actualites/les-heritages-industriels-culturels-et-paysagers-de-la-ccba/;/actualites/les-heritages-industriels-culturels-et-paysagers-de-la-ccba/;301
https://www.bassin-aubenas.fr/actualites/les-rdv-de-lentrepreneuriat-le-jeudi-22-janvier-2026/;/actualites/les-rdv-de-lentrepreneuriat-le-jeudi-22-janvier-2026/;301
https://www.bassin-aubenas.fr/actualites/liste-des-deliberations-conseil-communautaire-du-08-decembre-2022/;/actualites/liste-des-deliberations-conseil-communautaire-du-08-decembre-2022/;301
https://www.bassin-aubenas.fr/actualites/liste-des-deliberations-conseil-communautaire-du-09-avril-2024/;/actualites/liste-des-deliberations-conseil-communautaire-du-09-avril-2024/;301
https://www.bassin-aubenas.fr/actualites/liste-des-deliberations-conseil-communautaire-du-11-juin-2024/;/actualites/liste-des-deliberations-conseil-communautaire-du-11-juin-2024/;301
https://www.bassin-aubenas.fr/actualites/liste-des-deliberations-conseil-communautaire-du-12-mars-2024/;/actualites/liste-des-deliberations-conseil-communautaire-du-12-mars-2024/;301
https://www.bassin-aubenas.fr/actualites/liste-des-deliberations-conseil-communautaire-du-13-juin-2023/;/actualites/liste-des-deliberations-conseil-communautaire-du-13-juin-2023/;301
https://www.bassin-aubenas.fr/actualites/liste-des-deliberations-conseil-communautaire-du-13-septembre-2022/;/actualites/liste-des-deliberations-conseil-communautaire-du-13-septembre-2022/;301
https://www.bassin-aubenas.fr/actualites/liste-des-deliberations-conseil-communautaire-du-14-mars-2023/;/actualites/liste-des-deliberations-conseil-communautaire-du-14-mars-2023/;301
https://www.bassin-aubenas.fr/actualites/liste-des-deliberations-conseil-communautaire-du-26-septembre-2023/;/actualites/liste-des-deliberations-conseil-communautaire-du-26-septembre-2023/;301
https://www.bassin-aubenas.fr/actualites/liste-des-deliberations-conseil-communautaire-du-5-avril-2023/;/actualites/liste-des-deliberations-conseil-communautaire-du-5-avril-2023/;301
https://www.bassin-aubenas.fr/actualites/liste-des-deliberations-du-conseil-communautaire-du-19-decembre-2023/;/la-ccba-et-le-territoire/elus-et-conseil-communautaire/deliberations-et-proces-verbaux/liste-des-deliberations-du-conseil-communautaire-du-19-decembre-2023/;301
https://www.bassin-aubenas.fr/actualites/liste-des-deliberations-examinees-lors-du-conseil-communautaire-du-5-juillet-2022/;/actualites/liste-des-deliberations-examinees-lors-du-conseil-communautaire-du-5-j/;301
https://www.bassin-aubenas.fr/actualites/marathon-du-numerique-3/;/actualites/marathon-du-numerique-3/;301
https://www.bassin-aubenas.fr/actualites/marathon-du-numerique-4/;/actualites/marathon-du-numerique-4/;301
https://www.bassin-aubenas.fr/actualites/marathon-du-numerique-5/;/actualites/marathon-du-numerique-5/;301
https://www.bassin-aubenas.fr/actualites/matinale-des-entrepreneurs-4-inscrivez-vous/;/actualites/matinale-des-entrepreneurs-4-inscrivez-vous/;301
https://www.bassin-aubenas.fr/actualites/matinale-des-entrepreneurs-5-inscrivez-vous/;/actualites/matinale-des-entrepreneurs-5-inscrivez-vous/;301
https://www.bassin-aubenas.fr/actualites/matinale-des-entrepreneurs-6-inscrivez-vous/;/actualites/matinale-des-entrepreneurs-6-inscrivez-vous/;301
https://www.bassin-aubenas.fr/actualites/matinale-des-entrepreneurs-7-inscription/;/actualites/matinale-des-entrepreneurs-7-inscription/;301
https://www.bassin-aubenas.fr/actualites/matinale-des-entrepreneurs-8-octobre-2025/;/actualites/matinale-des-entrepreneurs-8-octobre-2025/;301
https://www.bassin-aubenas.fr/actualites/matinale-des-entrepreneurs-9-save-the-date/;/actualites/matinale-des-entrepreneurs-9-save-the-date/;301
https://www.bassin-aubenas.fr/actualites/mediatheque-intercommunale-jean-ferrat-des-horaires-douverture-au-public-etendus-a-partir-davril/;/actualites/mediatheque-intercommunale-jean-ferrat-des-horaires-douverture-au-publ/;301
https://www.bassin-aubenas.fr/actualites/mesures-de-soutien-et-les-contacts-utiles-pour-accompagner-les-entreprises/;/actualites/mesures-de-soutien-et-les-contacts-utiles-pour-accompagner-les-entrepr/;301
https://www.bassin-aubenas.fr/actualites/metiers-dart/;/actualites/metiers-dart/;301
https://www.bassin-aubenas.fr/actualites/mois-rando-2025-lentilleres/;/actualites/mois-rando-2025-lentilleres/;301
https://www.bassin-aubenas.fr/actualites/mondial-des-metiers-12-et-13-decembre-2025/;/actualites/mondial-des-metiers-12-et-13-decembre-2025/;301
https://www.bassin-aubenas.fr/actualites/noel-sinvite-a-la-creche-les-mini-pouces/;/actualites/noel-sinvite-a-la-creche-les-mini-pouces/;301
https://www.bassin-aubenas.fr/actualites/nos-services-toujours-a-vos-cotes/;/actualites/nos-services-toujours-a-vos-cotes/;301
https://www.bassin-aubenas.fr/actualites/nouveaux-horaires-france-services-de-vals-les-bains-antraigues-septembre-2026/;/actualites/nouveaux-horaires-france-services-de-vals-les-bains-antraigues-septemb/;301
https://www.bassin-aubenas.fr/actualites/nouvelles-tetes-a-la-ccba/;/actualites/nouvelles-tetes-a-la-ccba/;301
https://www.bassin-aubenas.fr/actualites/on-vous-aide-a-renover-vos-logements/;/actualites/on-vous-aide-a-renover-vos-logements/;301
https://www.bassin-aubenas.fr/actualites/operation-habitat-reunion-publique-information-mai-2024/;/actualites/operation-habitat-reunion-publique-information-mai-2024/;301
https://www.bassin-aubenas.fr/actualites/ordre-du-jour-conseil-communautaire-du-13-juin-2023/;/actualites/ordre-du-jour-conseil-communautaire-du-13-juin-2023/;301
https://www.bassin-aubenas.fr/actualites/ordre-du-jour-conseil-communautaire-du-13-septembre/;/actualites/ordre-du-jour-conseil-communautaire-du-13-septembre/;301
https://www.bassin-aubenas.fr/actualites/ordre-du-jour-conseil-communautaire-du-14-mars-2023/;/actualites/ordre-du-jour-conseil-communautaire-du-14-mars-2023/;301
https://www.bassin-aubenas.fr/actualites/ordre-du-jour-conseil-communautaire-du-5-avril-2023/;/actualites/ordre-du-jour-conseil-communautaire-du-5-avril-2023/;301
https://www.bassin-aubenas.fr/actualites/ordre-du-jour-conseil-communautaire-du-5-juillet-2022/;/actualites/ordre-du-jour-conseil-communautaire-du-5-juillet-2022/;301
https://www.bassin-aubenas.fr/actualites/ordre-du-jour-conseil-communautaire-du-8-decembre-2022/;/actualites/ordre-du-jour-conseil-communautaire-du-8-decembre-2022/;301
https://www.bassin-aubenas.fr/actualites/ordre-du-jour-conseil-communautaire-du-8-novembre-2022/;/actualites/ordre-du-jour-conseil-communautaire-du-8-novembre-2022/;301
https://www.bassin-aubenas.fr/actualites/ordre-du-jour-du-conseil-communautaire-du-10-decembre-2024/;/actualites/ordre-du-jour-du-conseil-communautaire-du-10-decembre-2024/;301
https://www.bassin-aubenas.fr/actualites/ordre-du-jour-du-conseil-communautaire-du-11-juin-2024/;/actualites/ordre-du-jour-du-conseil-communautaire-du-11-juin-2024/;301
https://www.bassin-aubenas.fr/actualites/ordre-du-jour-du-conseil-communautaire-du-11-mars-2025/;/actualites/ordre-du-jour-du-conseil-communautaire-du-11-mars-2025/;301
https://www.bassin-aubenas.fr/actualites/ordre-du-jour-du-conseil-communautaire-du-12-decembre-2023/;/actualites/ordre-du-jour-du-conseil-communautaire-du-12-decembre-2023/;301
https://www.bassin-aubenas.fr/actualites/ordre-du-jour-du-conseil-communautaire-du-12-mars-2024/;/actualites/ordre-du-jour-du-conseil-communautaire-du-12-mars-2024/;301
https://www.bassin-aubenas.fr/actualites/ordre-du-jour-du-conseil-communautaire-du-16-decembre-2025/;/actualites/ordre-du-jour-du-conseil-communautaire-du-16-decembre-2025/;301
https://www.bassin-aubenas.fr/actualites/ordre-du-jour-du-conseil-communautaire-du-19-decembre-2023/;/actualites/ordre-du-jour-du-conseil-communautaire-du-19-decembre-2023/;301
https://www.bassin-aubenas.fr/actualites/ordre-du-jour-du-conseil-communautaire-du-22-septembre-2026/;/actualites/ordre-du-jour-du-conseil-communautaire-du-22-septembre-2026/;301
https://www.bassin-aubenas.fr/actualites/ordre-du-jour-du-conseil-communautaire-du-23-septembre-2023/;/actualites/ordre-du-jour-du-conseil-communautaire-du-23-septembre-2023/;301
https://www.bassin-aubenas.fr/actualites/ordre-du-jour-du-conseil-communautaire-du-23-septembre-2025/;/actualites/ordre-du-jour-du-conseil-communautaire-du-23-septembre-2025/;301
https://www.bassin-aubenas.fr/actualites/ordre-du-jour-du-conseil-communautaire-du-24-juin-2025/;/actualites/ordre-du-jour-du-conseil-communautaire-du-24-juin-2025/;301
https://www.bassin-aubenas.fr/actualites/ordre-du-jour-du-conseil-communautaire-du-24-septembre-2024/;/actualites/ordre-du-jour-du-conseil-communautaire-du-24-septembre-2024/;301
https://www.bassin-aubenas.fr/actualites/ordre-du-jour-du-conseil-communautaire-du-28-avril-2026/;/actualites/ordre-du-jour-du-conseil-communautaire-du-28-avril-2026/;301
https://www.bassin-aubenas.fr/actualites/ordre-du-jour-du-conseil-communautaire-du-3-fevrier-2026/;/actualites/ordre-du-jour-du-conseil-communautaire-du-3-fevrier-2026/;301
https://www.bassin-aubenas.fr/actualites/ordre-du-jour-du-conseil-communautaire-du-6-novembre-2025/;/actualites/ordre-du-jour-du-conseil-communautaire-du-6-novembre-2025/;301
https://www.bassin-aubenas.fr/actualites/ordre-du-jour-du-conseil-communautaire-du-7-juillet-2026/;/actualites/ordre-du-jour-du-conseil-communautaire-du-7-juillet-2026/;301
https://www.bassin-aubenas.fr/actualites/ordre-du-jour-du-conseil-communautaire-du-8-avril-2025/;/actualites/ordre-du-jour-du-conseil-communautaire-du-8-avril-2025/;301
https://www.bassin-aubenas.fr/actualites/ordre-du-jour-du-conseil-communautaire-du-9-avril-2024/;/actualites/ordre-du-jour-du-conseil-communautaire-du-9-avril-2024/;301
https://www.bassin-aubenas.fr/actualites/ordre-du-jour-du-conseil-communautaire-du-9-juin-2026/;/actualites/ordre-du-jour-du-conseil-communautaire-du-9-juin-2026/;301
https://www.bassin-aubenas.fr/actualites/ouverture-des-inscriptions-toutenbus-2026-2027/;/actualites/ouverture-des-inscriptions-toutenbus-2026-2027/;301
https://www.bassin-aubenas.fr/actualites/participez-a-la-journee-des-familles/;/actualites/participez-a-la-journee-des-familles/;301
https://www.bassin-aubenas.fr/actualites/participez-au-webinaire-sur-les-aides-financieres-a-la-renovation-le-22-fevrier/;/actualites/participez-au-webinaire-sur-les-aides-financieres-a-la-renovation-le-2/;301
https://www.bassin-aubenas.fr/actualites/pass-sanitaire-a-la-mediatheque-intercommunale-jean-ferrat/;/actualites/pass-sanitaire-a-la-mediatheque-intercommunale-jean-ferrat/;301
https://www.bassin-aubenas.fr/actualites/passe-ton-bafa-en-2024/;/actualites/passe-ton-bafa-en-2024/;301
https://www.bassin-aubenas.fr/actualites/passe-ton-bafa-en-2025/;/actualites/passe-ton-bafa-en-2025/;301
https://www.bassin-aubenas.fr/actualites/permanence-du-pole-seniors-a-antraigues-sur-volane-le-9-fevrier/;/actualites/permanence-du-pole-seniors-a-antraigues-sur-volane-le-9-fevrier/;301
https://www.bassin-aubenas.fr/actualites/permanences-juridiques/;/economie-entreprises/aides-et-accompagnement/permanences-juridiques/;301
https://www.bassin-aubenas.fr/actualites/petite-enfance-enfance-jeunesse-parentalite-donnez-votre-avis/;/actualites/petite-enfance-enfance-jeunesse-parentalite-donnez-votre-avis/;301
https://www.bassin-aubenas.fr/actualites/plan-local-durbanisme-intercommunal-plui/;/habitat-urbanisme-mobilite/urbanisme/plui/;301
https://www.bassin-aubenas.fr/actualites/plateforme-dachat-de-masques-pour-les-tpe/;/actualites/plateforme-dachat-de-masques-pour-les-tpe/;301
https://www.bassin-aubenas.fr/actualites/plui-reunions-publiques-du-6-au-22-mai-2024/;/actualites/plui-reunions-publiques-du-6-au-22-mai-2024/;301
https://www.bassin-aubenas.fr/actualites/pose-de-la-premiere-pierre-de-laire-de-sports-et-de-loisirs-a-vesseaux/;/actualites/pose-de-la-premiere-pierre-de-laire-de-sports-et-de-loisirs-a-vesseaux/;301
https://www.bassin-aubenas.fr/actualites/professionnels-des-metiers-dart-du-bassin-daubenas-participez-aux-jema-2025/;/actualites/professionnels-des-metiers-dart-du-bassin-daubenas-participez-aux-jema/;301
https://www.bassin-aubenas.fr/actualites/programmation-sept-dec-2025-mediatheque-intercommunale/;/actualites/programmation-sept-dec-2025-mediatheque-intercommunale/;301
https://www.bassin-aubenas.fr/actualites/questionnaire-sur-le-logement-des-saisonniers-en-sud-ardeche/;/actualites/questionnaire-sur-le-logement-des-saisonniers-en-sud-ardeche/;301
https://www.bassin-aubenas.fr/actualites/rattrapage-collecte-25-decembre-2025/;/actualites/rattrapage-collecte-25-decembre-2025/;301
https://www.bassin-aubenas.fr/actualites/rattrapage-collecte-dechets-mai-2026/;/actualites/rattrapage-collecte-dechets-mai-2026/;301
https://www.bassin-aubenas.fr/actualites/rattrapage-de-la-collecte-des-dechets-du-lundi-14-juillet-2025/;/actualites/rattrapage-de-la-collecte-des-dechets-du-lundi-14-juillet-2025/;301
https://www.bassin-aubenas.fr/actualites/rattrapage-de-la-collecte-des-dechets-du-lundi-9-juin-2025/;/actualites/rattrapage-de-la-collecte-des-dechets-du-lundi-9-juin-2025/;301
https://www.bassin-aubenas.fr/actualites/reduction-des-dechets-votre-avis-compte/;/actualites/reduction-des-dechets-votre-avis-compte/;301
https://www.bassin-aubenas.fr/actualites/rencontre-des-professionnels-du-tourisme-inscrivez-vous/;/actualites/rencontre-des-professionnels-du-tourisme-inscrivez-vous/;301
https://www.bassin-aubenas.fr/actualites/reouverture-de-la-mediatheque-jean-ferrat-daubenas/;/actualites/reouverture-de-la-mediatheque-jean-ferrat-daubenas/;301
https://www.bassin-aubenas.fr/actualites/reouverture-de-lhippocampe-des-mesures-pour-garantir-la-securite/;/actualites/reouverture-de-lhippocampe-des-mesures-pour-garantir-la-securite/;301
https://www.bassin-aubenas.fr/actualites/reouverture-progressive-de-la-mediatheque-jean-ferrat/;/actualites/reouverture-progressive-de-la-mediatheque-jean-ferrat/;301
https://www.bassin-aubenas.fr/actualites/reouverture-services/;/actualites/reouverture-services/;301
https://www.bassin-aubenas.fr/actualites/retour-sur-la-manifestation-jeunesse-partir-en-livre/;/actualites/retour-sur-la-manifestation-jeunesse-partir-en-livre/;301
https://www.bassin-aubenas.fr/actualites/retour-sur-les-astronomades/;/actualites/retour-sur-les-astronomades/;301
https://www.bassin-aubenas.fr/actualites/revision-du-plan-local-durbanisme-de-st-didier-sous-aubenas/;/habitat-urbanisme-mobilite/urbanisme/consultations-du-public/revision-du-plan-local-durbanisme-de-st-didier-sous-aubenas/;301
https://www.bassin-aubenas.fr/actualites/salon-de-lalternance-2026/;/actualites/salon-de-lalternance-2026/;301
https://www.bassin-aubenas.fr/actualites/salon-de-lhabitat-rendez-vous-du-24-au-26-avril-2026/;/actualites/salon-de-lhabitat-rendez-vous-du-24-au-26-avril-2026/;301
https://www.bassin-aubenas.fr/actualites/salon-foudardeche-2025-appel-aux-exposants/;/actualites/salon-foudardeche-2025-appel-aux-exposants/;301
https://www.bassin-aubenas.fr/actualites/secheresse-mesures-de-restriction-juillet-2025/;/actualites/secheresse-mesures-de-restriction-juillet-2025/;301
https://www.bassin-aubenas.fr/actualites/semaine-bleue-2020/;/actualites/semaine-bleue-2020/;301
https://www.bassin-aubenas.fr/actualites/semaine-bleue-2021/;/actualites/semaine-bleue-2021/;301
https://www.bassin-aubenas.fr/actualites/semaine-bleue-2024/;/actualites/semaine-bleue-2024/;301
https://www.bassin-aubenas.fr/actualites/semaine-bleue-2025/;/actualites/semaine-bleue-2025/;301
https://www.bassin-aubenas.fr/actualites/semaine-bleue-du-5-au-11-octobre-2026/;/actualites/semaine-bleue-du-5-au-11-octobre-2026/;301
https://www.bassin-aubenas.fr/actualites/semaine-europeenne-de-la-mobilite/;/actualites/semaine-europeenne-de-la-mobilite/;301
https://www.bassin-aubenas.fr/actualites/services-en-ligne-gratuits-proposes-par-la-mediatheque/;/actualites/services-en-ligne-gratuits-proposes-par-la-mediatheque/;301
https://www.bassin-aubenas.fr/actualites/sidomsa-plateforme-de-depot-dechets-vegetaux-fermee-du-11-au-15-aout-2025/;/actualites/sidomsa-plateforme-de-depot-dechets-vegetaux-fermee-du-11-au-15-aout-2/;301
https://www.bassin-aubenas.fr/actualites/sondage-de-la-ludotheque/;/actualites/sondage-de-la-ludotheque/;301
https://www.bassin-aubenas.fr/actualites/soutien-aux-entreprises-le-fonds-region-unie/;/actualites/soutien-aux-entreprises-le-fonds-region-unie/;301
https://www.bassin-aubenas.fr/actualites/temoignage-de-nos-seniors-en-confinement/;/actualites/temoignage-de-nos-seniors-en-confinement/;301
https://www.bassin-aubenas.fr/actualites/tout-savoir-sur-le-pat/;/actualites/tout-savoir-sur-le-pat/;301
https://www.bassin-aubenas.fr/actualites/travaux-de-renovation-a-la-gare-routiere-a-aubenas/;/actualites/travaux-de-renovation-a-la-gare-routiere-a-aubenas/;301
https://www.bassin-aubenas.fr/actualites/travaux-reseau-orange-du-29-janvier-au-7-fevrier/;/actualites/travaux-reseau-orange-du-29-janvier-au-7-fevrier/;301
https://www.bassin-aubenas.fr/actualites/travaux-voie-douce-fermeture-d153-a-saint-etienne-de-fontbellon/;/actualites/travaux-voie-douce-fermeture-d153-a-saint-etienne-de-fontbellon/;301
https://www.bassin-aubenas.fr/actualites/traverser-lardeche-a-velo-en-securite/;/actualites/traverser-lardeche-a-velo-en-securite/;301
https://www.bassin-aubenas.fr/actualites/tri-selectif-changement-de-semaine-de-collecte-pour-5-communes/;/actualites/tri-selectif-changement-de-semaine-de-collecte-pour-5-communes/;301
https://www.bassin-aubenas.fr/actualites/trophee-jeuneco-2021-films-des-ecoles/;/actualites/trophee-jeuneco-2021-films-des-ecoles/;301
https://www.bassin-aubenas.fr/actualites/trophee-jeuneco-2eme-edition-cest-parti/;/actualites/trophee-jeuneco-2eme-edition-cest-parti/;301
https://www.bassin-aubenas.fr/actualites/trophee-jeunesco-2-evenements-a-ne-pas-manquer/;/actualites/trophee-jeunesco-2-evenements-a-ne-pas-manquer/;301
https://www.bassin-aubenas.fr/actualites/un-budget-participatif-de-la-jeunesse-projet-ajir/;/actualites/un-budget-participatif-de-la-jeunesse-projet-ajir/;301
https://www.bassin-aubenas.fr/actualites/un-comite-de-soutien-aux-entreprises/;/actualites/un-comite-de-soutien-aux-entreprises/;301
https://www.bassin-aubenas.fr/actualites/un-ete-petillant-pour-les-enfants/;/actualites/un-ete-petillant-pour-les-enfants/;301
https://www.bassin-aubenas.fr/actualites/un-nouveau-batiment-pour-la-creche-intercommunale-les-ptits-loups/;/actualites/un-nouveau-batiment-pour-la-creche-intercommunale-les-ptits-loups/;301
https://www.bassin-aubenas.fr/actualites/un-pour-tous-tous-pour-dumas-du-16-septembre-au-16-octobre-2026/;/actualites/un-pour-tous-tous-pour-dumas-du-16-septembre-au-16-octobre-2026/;301
https://www.bassin-aubenas.fr/actualites/une-annee-au-pole-seniors-cest-quoi-retrospective/;/actualites/une-annee-au-pole-seniors-cest-quoi-retrospective/;301
https://www.bassin-aubenas.fr/actualites/une-nouvelle-semaine-bleue-en-octobre/;/actualites/une-nouvelle-semaine-bleue-en-octobre/;301
https://www.bassin-aubenas.fr/actualites/vers-la-fin-des-locations-de-passoires-thermiques/;/actualites/vers-la-fin-des-locations-de-passoires-thermiques/;301
https://www.bassin-aubenas.fr/actualites/video-promotionnelle-habitants-territoire/;/actualites/video-promotionnelle-habitants-territoire/;301
https://www.bassin-aubenas.fr/actualites/voeux/;/actualites/voeux/;301
https://www.bassin-aubenas.fr/actualites/voies-douces-rando-interdits/;/actualites/voies-douces-rando-interdits/;301
https://www.bassin-aubenas.fr/actualites/webinaire-renofute-25-09-2025/;/actualites/webinaire-renofute-25-09-2025/;301
https://www.bassin-aubenas.fr/agenda/;/agenda/;301
https://www.bassin-aubenas.fr/agenda/agenda/;/actualites/agenda/;301
https://www.bassin-aubenas.fr/archives-actualites/accueil-de-loisirs-itinerant-des-vacances-de-printemps-2026/;/actualites/accueil-de-loisirs-itinerant-des-vacances-de-printemps-2026/;301
https://www.bassin-aubenas.fr/archives-actualites/accueil-de-loisirs-itinerant-pensez-a-vous-inscrire/;/actualites/accueil-de-loisirs-itinerant-pensez-a-vous-inscrire/;301
https://www.bassin-aubenas.fr/archives-actualites/accueil-de-loisirs-itinerant-vacances-dete-2025/;/actualites/accueil-de-loisirs-itinerant-vacances-dete-2025/;301
https://www.bassin-aubenas.fr/archives-actualites/alerte-meteo/;/actualites/alerte-meteo/;301
https://www.bassin-aubenas.fr/archives-actualites/animation-photographie-et-oiseaux-migrateurs-sur-lespace-naturel-sensible-roc-de-gourdon-et-contreforts-du-coiron/;/actualites/animation-photographie-et-oiseaux-migrateurs-sur-lespace-naturel-sensi/;301
https://www.bassin-aubenas.fr/archives-actualites/appel-a-projets-leader-creation-et-maintien-dactivites/;/actualites/appel-a-projets-leader-creation-et-maintien-dactivites/;301
https://www.bassin-aubenas.fr/archives-actualites/appel-a-projets-leader-redynamiser-les-communes/;/actualites/appel-a-projets-leader-redynamiser-les-communes/;301
https://www.bassin-aubenas.fr/archives-actualites/distribution-du-baba-n5/;/actualites/distribution-du-baba-n5/;301
https://www.bassin-aubenas.fr/archives-actualites/fac-et-projets-detudes-soiree-dinformations/;/actualites/fac-et-projets-detudes-soiree-dinformations/;301
https://www.bassin-aubenas.fr/archives-actualites/grande-enquete-velo-sur-le-sud-ardeche/;/actualites/grande-enquete-velo-sur-le-sud-ardeche/;301
https://www.bassin-aubenas.fr/archives-actualites/journee-de-la-mobilite-en-approche/;/actualites/journee-de-la-mobilite-en-approche/;301
https://www.bassin-aubenas.fr/archives-actualites/journee-sport-seniors-et-convivialite-26-sept/;/actualites/journee-sport-seniors-et-convivialite-26-sept/;301
https://www.bassin-aubenas.fr/archives-actualites/mise-a-disposition-du-public-du-projet-de-convention-opah-ru-2023-2028/;/actualites/mise-a-disposition-du-public-du-projet-de-convention-opah-ru-2023-2028/;301
https://www.bassin-aubenas.fr/archives-actualites/mouvement-de-greve-national-du-18-09-2025-la-collecte-des-dechets-impactee/;/actualites/mouvement-de-greve-national-du-18-09-2025-la-collecte-des-dechets-impa/;301
https://www.bassin-aubenas.fr/archives-actualites/mouvement-de-greve-national-du-18-09-2025-la-mediatheque-intercommunale-exceptionnellement-fermee/;/actualites/mouvement-de-greve-national-du-18-09-2025-la-mediatheque-intercommunal/;301
https://www.bassin-aubenas.fr/archives-actualites/on-ouvre-les-sentiers-devant-vous/;/actualites/on-ouvre-les-sentiers-devant-vous/;301
https://www.bassin-aubenas.fr/archives-actualites/pas-de-collecte-des-dechets-le-vendredi-25-decembre-2020-et-le-vendredi-1er-janvier-2021/;/actualites/pas-de-collecte-des-dechets-le-vendredi-25-decembre-2020-et-le-vendred/;301
https://www.bassin-aubenas.fr/archives-actualites/plu-de-lavilledieu-mise-a-disposition-du-public-du-dossier-de-modification-simplifiee-n4-du-plu/;/actualites/plu-de-lavilledieu-mise-a-disposition-du-public-du-dossier-de-modifica/;301
https://www.bassin-aubenas.fr/archives-actualites/plu-de-lentilleres-mise-a-disposition-du-dossier-de-modification-simplifiee-n1/;/actualites/plu-de-lentilleres-mise-a-disposition-du-dossier-de-modification-simpl/;301
https://www.bassin-aubenas.fr/archives-actualites/rattrapage-collecte-dechets-15-aout-2025/;/actualites/rattrapage-collecte-dechets-15-aout-2025/;301
https://www.bassin-aubenas.fr/archives-actualites/rattrapage-collecte-dechets-jours-feries-mai-2025/;/actualites/rattrapage-collecte-dechets-jours-feries-mai-2025/;301
https://www.bassin-aubenas.fr/archives-actualites/rattrapage-de-la-collecte-des-dechets-du-lundi-21-avril-2025/;/actualites/rattrapage-de-la-collecte-des-dechets-du-lundi-21-avril-2025/;301
https://www.bassin-aubenas.fr/archives-actualites/reouverture-du-pole-seniors-sur-rendez-vous/;/actualites/reouverture-du-pole-seniors-sur-rendez-vous/;301
https://www.bassin-aubenas.fr/archives-actualites/responsable-de-relais-dassistants-maternels-intercommunal-ram-70-charge-de-projet-petite-enfance30/;/actualites/responsable-de-relais-dassistants-maternels-intercommunal-ram-70-charg/;301
https://www.bassin-aubenas.fr/archives-actualites/semaine-bleue-pensez-a-reserver/;/actualites/semaine-bleue-pensez-a-reserver/;301
https://www.bassin-aubenas.fr/archives-actualites/tour-cycliste-feminin-international-circulation-fermee-septembre-2025/;/actualites/tour-cycliste-feminin-international-circulation-fermee-septembre-2025/;301
https://www.bassin-aubenas.fr/archives-economie-habitat-urbanisme/plu-st-andeol-de-vals-enquete-publique/;/habitat-urbanisme-mobilite/urbanisme/consultations-du-public/plu-st-andeol-de-vals-enquete-publique/;301
https://www.bassin-aubenas.fr/bourse-au-foncier-et-a-limmobilier-dentreprise-deposer-une-annonce/;/contenus/bourse-au-foncier-et-a-limmobilier-dentreprise-deposer-une-annonce/;301
https://www.bassin-aubenas.fr/bourse-foncier-immobilier-entreprise/;/contenus/bourse-foncier-immobilier-entreprise/;301
https://www.bassin-aubenas.fr/bourse-foncier-immobilier-entreprise/manage/;/contenus/manage/;301
https://www.bassin-aubenas.fr/collecte-des-dechets/;/services-demarches/dechets-et-proprete/;301
https://www.bassin-aubenas.fr/conseils-de-navigation/;/conseils-de-navigation/;301
https://www.bassin-aubenas.fr/economie/agriculture-et-sylviculture/;/economie-entreprises/agriculture-et-sylviculture/;301
https://www.bassin-aubenas.fr/economie/fibre-optique/fibre-optique/;/economie-entreprises/numerique-et-fibre/;301
https://www.bassin-aubenas.fr/economie/implanter-mon-entreprise/implanter-mon-entreprise/;/economie-entreprises/creer-et-implanter-son-entreprise/implanter-mon-entreprise/;301
https://www.bassin-aubenas.fr/economie/implanter-mon-entreprise/la-pepiniere-dentreprises-lespelidou/;/economie-entreprises/creer-et-implanter-son-entreprise/pepiniere-d-entreprises-l-espelidou/;301
https://www.bassin-aubenas.fr/economie/implanter-mon-entreprise/les-espaces-de-co-working/;/economie-entreprises/creer-et-implanter-son-entreprise/espaces-de-coworking/;301
https://www.bassin-aubenas.fr/economie/implanter-mon-entreprise/les-zones-dactivites-economiques/;/economie-entreprises/creer-et-implanter-son-entreprise/zones-d-activites-economiques/;301
https://www.bassin-aubenas.fr/economie/implanter-mon-entreprise/nouveau-bourse-au-foncier-et-a-limmobilier-dentreprise/;/economie-entreprises/creer-et-implanter-son-entreprise/foncier-et-immobilier-d-entreprise/;301
https://www.bassin-aubenas.fr/economie/inventaire-zae/;/economie-entreprises/donnees-economiques/inventaire-des-zae/;301
https://www.bassin-aubenas.fr/economie/les-aides-aux-entreprises/aide-a-limmobilier-dentreprise/;/economie-entreprises/aides-et-accompagnement/aide-a-l-immobilier-d-entreprise/;301
https://www.bassin-aubenas.fr/economie/les-aides-aux-entreprises/aide-aux-investissements-des-entreprises-avec-point-de-vente/;/economie-entreprises/aides-et-accompagnement/aides-aux-entreprises-avec-point-de-vente/;301
https://www.bassin-aubenas.fr/economie/panorama-economique/;/economie-entreprises/donnees-economiques/panorama-economique/;301
https://www.bassin-aubenas.fr/economie/tourisme/loffice-de-tourisme-pays-daubenas-vals-antraigues/;/culture-sport-loisirs/decouvrir-le-territoire/office-de-tourisme/;301
https://www.bassin-aubenas.fr/economie/tourisme/taxe-de-sejour/;/economie-entreprises/tourisme-professionnel/taxe-de-sejour/;301
https://www.bassin-aubenas.fr/en-savoir-plus-sur-la-gestion-de-vos-donnees-et-vos-droits/;/donnees-personnelles/;301
https://www.bassin-aubenas.fr/en-un-clic/carte-interactive/;/la-ccba-et-le-territoire/le-territoire/carte-du-territoire/;301
https://www.bassin-aubenas.fr/en-un-clic/contact/;/contact/;301
https://www.bassin-aubenas.fr/en-un-clic/marches-publics-2/;/la-ccba-et-le-territoire/marches-publics/;301
https://www.bassin-aubenas.fr/en-un-clic/merci-pour-votre-message/;/actualites/merci-pour-votre-message/;301
https://www.bassin-aubenas.fr/en-un-clic/urbanisme/;/habitat-urbanisme-mobilite/urbanisme/autorisations-d-urbanisme/;301
https://www.bassin-aubenas.fr/environnement/compostage/;/environnement-transition/prevention-des-dechets/compostage/;301
https://www.bassin-aubenas.fr/environnement/gemapi/;/environnement-transition/eau-et-milieux-naturels/gemapi/;301
https://www.bassin-aubenas.fr/environnement/transition-ecologique/cadastre-solaire/;/environnement-transition/transition-ecologique/cadastre-solaire/;301
https://www.bassin-aubenas.fr/environnement/transition-ecologique/la-communaute-de-communes-vous-accompagne/;/environnement-transition/transition-ecologique/la-ccba-vous-accompagne/;301
https://www.bassin-aubenas.fr/environnement/transition-ecologique/plan-climat-air-energie-territorial-pcaet/;/environnement-transition/transition-ecologique/plan-climat-air-energie-territorial/;301
https://www.bassin-aubenas.fr/environnement/transition-ecologique/prevention/;/environnement-transition/transition-ecologique/prevention/;301
https://www.bassin-aubenas.fr/environnement/transition-ecologique/tepos/;/environnement-transition/transition-ecologique/territoire-a-energie-positive/;301
https://www.bassin-aubenas.fr/evenements/1-portrait-1-portrait-une-galerie-de-portraits/;/agenda/1-portrait-1-portrait-une-galerie-de-portraits/;301
https://www.bassin-aubenas.fr/evenements/5062/;/agenda/5062/;301
https://www.bassin-aubenas.fr/evenements/a-la-decouverte-de-la-grotte-chauvet-pont-darc/;/agenda/a-la-decouverte-de-la-grotte-chauvet-pont-darc/;301
https://www.bassin-aubenas.fr/evenements/a-la-maniere-de-bruno-munari/;/agenda/a-la-maniere-de-bruno-munari/;301
https://www.bassin-aubenas.fr/evenements/a-la-maniere-de-julie-atelier-creatif-avec-lauteure-beatrice-serre/;/agenda/a-la-maniere-de-julie-atelier-creatif-avec-lauteure-beatrice-serre/;301
https://www.bassin-aubenas.fr/evenements/a-la-maniere-de-modeste-affama-peintre-africain/;/agenda/a-la-maniere-de-modeste-affama-peintre-africain/;301
https://www.bassin-aubenas.fr/evenements/a-la-maniere-de-picasso/;/agenda/a-la-maniere-de-picasso/;301
https://www.bassin-aubenas.fr/evenements/a-la-rencontre-disabelle-eberhardt-par-elisabeth-ros/;/agenda/a-la-rencontre-disabelle-eberhardt-par-elisabeth-ros/;301
https://www.bassin-aubenas.fr/evenements/a-little-piece-of-care-2/;/agenda/a-little-piece-of-care-2/;301
https://www.bassin-aubenas.fr/evenements/a-little-piece-of-care/;/agenda/a-little-piece-of-care/;301
https://www.bassin-aubenas.fr/evenements/acheter-ses-billets-en-ligne-comment-ca-marche-2/;/agenda/acheter-ses-billets-en-ligne-comment-ca-marche-2/;301
https://www.bassin-aubenas.fr/evenements/acheter-ses-billets-en-ligne-comment-ca-marche/;/agenda/acheter-ses-billets-en-ligne-comment-ca-marche/;301
https://www.bassin-aubenas.fr/evenements/alioune-kebe/;/agenda/alioune-kebe/;301
https://www.bassin-aubenas.fr/evenements/appli-hour-special-petits/;/agenda/appli-hour-special-petits/;301
https://www.bassin-aubenas.fr/evenements/apprend-a-coder-avec-scratch-2/;/agenda/apprend-a-coder-avec-scratch-2/;301
https://www.bassin-aubenas.fr/evenements/apprend-a-coder-avec-scratch/;/agenda/apprend-a-coder-avec-scratch/;301
https://www.bassin-aubenas.fr/evenements/apprends-a-coder/;/agenda/apprends-a-coder/;301
https://www.bassin-aubenas.fr/evenements/apprends-a-resoudre-ton-rubiks-cube-au-fil-dune-histoire/;/agenda/apprends-a-resoudre-ton-rubiks-cube-au-fil-dune-histoire/;301
https://www.bassin-aubenas.fr/evenements/architecture-et-jeu-video/;/agenda/architecture-et-jeu-video/;301
https://www.bassin-aubenas.fr/evenements/atelier-avec-cecile-garnier-abou/;/agenda/atelier-avec-cecile-garnier-abou/;301
https://www.bassin-aubenas.fr/evenements/atelier-chanson-francaise-2/;/agenda/atelier-chanson-francaise-2/;301
https://www.bassin-aubenas.fr/evenements/atelier-chanson-francaise/;/agenda/atelier-chanson-francaise/;301
https://www.bassin-aubenas.fr/evenements/atelier-coloriage-anime/;/agenda/atelier-coloriage-anime/;301
https://www.bassin-aubenas.fr/evenements/atelier-contes-et-chants-africains/;/agenda/atelier-contes-et-chants-africains/;301
https://www.bassin-aubenas.fr/evenements/atelier-creatif-bienvenue-dans-lannee-du-tigre/;/agenda/atelier-creatif-bienvenue-dans-lannee-du-tigre/;301
https://www.bassin-aubenas.fr/evenements/atelier-creatif-nuit-de-la-lecture/;/agenda/atelier-creatif-nuit-de-la-lecture/;301
https://www.bassin-aubenas.fr/evenements/atelier-de-fabrication-de-poupee-cocon-2/;/agenda/atelier-de-fabrication-de-poupee-cocon-2/;301
https://www.bassin-aubenas.fr/evenements/atelier-de-fabrication-de-poupee-cocon/;/agenda/atelier-de-fabrication-de-poupee-cocon/;301
https://www.bassin-aubenas.fr/evenements/atelier-de-science-participative/;/agenda/atelier-de-science-participative/;301
https://www.bassin-aubenas.fr/evenements/atelier-decriture-avec-chloe-gabrielli-conteuse-et-auteurice/;/agenda/atelier-decriture-avec-chloe-gabrielli-conteuse-et-auteurice/;301
https://www.bassin-aubenas.fr/evenements/atelier-geoguessr-a-la-decouverte-de-lafrique/;/agenda/atelier-geoguessr-a-la-decouverte-de-lafrique/;301
https://www.bassin-aubenas.fr/evenements/atelier-linogravure/;/agenda/atelier-linogravure/;301
https://www.bassin-aubenas.fr/evenements/atelier-multimedia-decouvrir-le-monde-du-libre/;/agenda/atelier-multimedia-decouvrir-le-monde-du-libre/;301
https://www.bassin-aubenas.fr/evenements/atelier-multimedia-decouvrir-le-traitement-de-texte/;/agenda/atelier-multimedia-decouvrir-le-traitement-de-texte/;301
https://www.bassin-aubenas.fr/evenements/atelier-multimedia-decouvrir-les-tablettes-numeriques-2/;/agenda/atelier-multimedia-decouvrir-les-tablettes-numeriques-2/;301
https://www.bassin-aubenas.fr/evenements/atelier-multimedia-facebook-2/;/agenda/atelier-multimedia-facebook-2/;301
https://www.bassin-aubenas.fr/evenements/atelier-multimedia-facebook/;/agenda/atelier-multimedia-facebook/;301
https://www.bassin-aubenas.fr/evenements/atelier-multimedia-nettoyer-et-proteger-son-pc-2/;/agenda/atelier-multimedia-nettoyer-et-proteger-son-pc-2/;301
https://www.bassin-aubenas.fr/evenements/atelier-multimedia-nettoyer-et-proteger-son-pc-3/;/agenda/atelier-multimedia-nettoyer-et-proteger-son-pc-3/;301
https://www.bassin-aubenas.fr/evenements/atelier-multimedia-nettoyer-et-proteger-son-pc-4/;/agenda/atelier-multimedia-nettoyer-et-proteger-son-pc-4/;301
https://www.bassin-aubenas.fr/evenements/atelier-multimedia-nettoyer-et-proteger-son-pc/;/agenda/atelier-multimedia-nettoyer-et-proteger-son-pc/;301
https://www.bassin-aubenas.fr/evenements/atelier-multimedia-proteger-sa-vie-privee-sur-internet-2/;/agenda/atelier-multimedia-proteger-sa-vie-privee-sur-internet-2/;301
https://www.bassin-aubenas.fr/evenements/atelier-multimedia-proteger-sa-vie-privee-sur-internet-3/;/agenda/atelier-multimedia-proteger-sa-vie-privee-sur-internet-3/;301
https://www.bassin-aubenas.fr/evenements/atelier-multimedia-proteger-sa-vie-privee-sur-le-web/;/agenda/atelier-multimedia-proteger-sa-vie-privee-sur-le-web/;301
https://www.bassin-aubenas.fr/evenements/atelier-multimedia-retoucher-et-partager-ses-photos/;/agenda/atelier-multimedia-retoucher-et-partager-ses-photos/;301
https://www.bassin-aubenas.fr/evenements/atelier-multimedia-retoucher-ses-photos-2/;/agenda/atelier-multimedia-retoucher-ses-photos-2/;301
https://www.bassin-aubenas.fr/evenements/atelier-multimedia-retoucher-ses-photos-3/;/agenda/atelier-multimedia-retoucher-ses-photos-3/;301
https://www.bassin-aubenas.fr/evenements/atelier-multimedia-retoucher-ses-photos-4/;/agenda/atelier-multimedia-retoucher-ses-photos-4/;301
https://www.bassin-aubenas.fr/evenements/atelier-multimedia-retoucher-ses-photos-5/;/agenda/atelier-multimedia-retoucher-ses-photos-5/;301
https://www.bassin-aubenas.fr/evenements/atelier-multimedia-retoucher-ses-photos/;/agenda/atelier-multimedia-retoucher-ses-photos/;301
https://www.bassin-aubenas.fr/evenements/atelier-multimedia-se-lancer-sur-internet/;/agenda/atelier-multimedia-se-lancer-sur-internet/;301
https://www.bassin-aubenas.fr/evenements/atelier-multimedia-stop-motion/;/agenda/atelier-multimedia-stop-motion/;301
https://www.bassin-aubenas.fr/evenements/atelier-multimedia-tablettes-numeriques-aller-plus-loin/;/agenda/atelier-multimedia-tablettes-numeriques-aller-plus-loin/;301
https://www.bassin-aubenas.fr/evenements/atelier-pixel-art/;/agenda/atelier-pixel-art/;301
https://www.bassin-aubenas.fr/evenements/atelier-realite-virtuelle/;/agenda/atelier-realite-virtuelle/;301
https://www.bassin-aubenas.fr/evenements/atelier-stop-motion-2/;/agenda/atelier-stop-motion-2/;301
https://www.bassin-aubenas.fr/evenements/au-fil-dariane-2/;/agenda/au-fil-dariane-2/;301
https://www.bassin-aubenas.fr/evenements/au-fil-dariane-3/;/agenda/au-fil-dariane-3/;301
https://www.bassin-aubenas.fr/evenements/au-fil-dariane-4/;/agenda/au-fil-dariane-4/;301
https://www.bassin-aubenas.fr/evenements/au-fil-dariane-au-pays-du-burlesque/;/agenda/au-fil-dariane-au-pays-du-burlesque/;301
https://www.bassin-aubenas.fr/evenements/au-fil-dariane-chat-alors/;/agenda/au-fil-dariane-chat-alors/;301
https://www.bassin-aubenas.fr/evenements/au-fil-dariane-clic-clac-photo-2/;/agenda/au-fil-dariane-clic-clac-photo-2/;301
https://www.bassin-aubenas.fr/evenements/au-fil-dariane-clic-clac-photo/;/agenda/au-fil-dariane-clic-clac-photo/;301
https://www.bassin-aubenas.fr/evenements/au-fil-dariane-des-plumes-et-des-chants/;/agenda/au-fil-dariane-des-plumes-et-des-chants/;301
https://www.bassin-aubenas.fr/evenements/au-fil-dariane-dites-ouistiti/;/agenda/au-fil-dariane-dites-ouistiti/;301
https://www.bassin-aubenas.fr/evenements/au-fil-dariane-en-janvier-je-mevade/;/agenda/au-fil-dariane-en-janvier-je-mevade/;301
https://www.bassin-aubenas.fr/evenements/au-fil-dariane-en-route-pour-les-caraibes/;/agenda/au-fil-dariane-en-route-pour-les-caraibes/;301
https://www.bassin-aubenas.fr/evenements/au-fil-dariane-histoires-de-la-prehistoire/;/agenda/au-fil-dariane-histoires-de-la-prehistoire/;301
https://www.bassin-aubenas.fr/evenements/au-fil-dariane-la-tete-dans-les-etoiles/;/agenda/au-fil-dariane-la-tete-dans-les-etoiles/;301
https://www.bassin-aubenas.fr/evenements/au-fil-dariane-le-partage/;/agenda/au-fil-dariane-le-partage/;301
https://www.bassin-aubenas.fr/evenements/au-fil-dariane-un-petit-air-de-merveilleux/;/agenda/au-fil-dariane-un-petit-air-de-merveilleux/;301
https://www.bassin-aubenas.fr/evenements/au-fil-dariane-un-voyage-extraordinaire/;/agenda/au-fil-dariane-un-voyage-extraordinaire/;301
https://www.bassin-aubenas.fr/evenements/au-fil-dariane/;/agenda/au-fil-dariane/;301
https://www.bassin-aubenas.fr/evenements/au-ptit-fil-dariane-10/;/agenda/au-ptit-fil-dariane-10/;301
https://www.bassin-aubenas.fr/evenements/au-ptit-fil-dariane-11/;/agenda/au-ptit-fil-dariane-11/;301
https://www.bassin-aubenas.fr/evenements/au-ptit-fil-dariane-12/;/agenda/au-ptit-fil-dariane-12/;301
https://www.bassin-aubenas.fr/evenements/au-ptit-fil-dariane-13/;/agenda/au-ptit-fil-dariane-13/;301
https://www.bassin-aubenas.fr/evenements/au-ptit-fil-dariane-14/;/agenda/au-ptit-fil-dariane-14/;301
https://www.bassin-aubenas.fr/evenements/au-ptit-fil-dariane-15/;/agenda/au-ptit-fil-dariane-15/;301
https://www.bassin-aubenas.fr/evenements/au-ptit-fil-dariane-16/;/agenda/au-ptit-fil-dariane-16/;301
https://www.bassin-aubenas.fr/evenements/au-ptit-fil-dariane-17/;/agenda/au-ptit-fil-dariane-17/;301
https://www.bassin-aubenas.fr/evenements/au-ptit-fil-dariane-18/;/agenda/au-ptit-fil-dariane-18/;301
https://www.bassin-aubenas.fr/evenements/au-ptit-fil-dariane-19/;/agenda/au-ptit-fil-dariane-19/;301
https://www.bassin-aubenas.fr/evenements/au-ptit-fil-dariane-2/;/agenda/au-ptit-fil-dariane-2/;301
https://www.bassin-aubenas.fr/evenements/au-ptit-fil-dariane-20/;/agenda/au-ptit-fil-dariane-20/;301
https://www.bassin-aubenas.fr/evenements/au-ptit-fil-dariane-21/;/agenda/au-ptit-fil-dariane-21/;301
https://www.bassin-aubenas.fr/evenements/au-ptit-fil-dariane-22/;/agenda/au-ptit-fil-dariane-22/;301
https://www.bassin-aubenas.fr/evenements/au-ptit-fil-dariane-23/;/agenda/au-ptit-fil-dariane-23/;301
https://www.bassin-aubenas.fr/evenements/au-ptit-fil-dariane-24/;/agenda/au-ptit-fil-dariane-24/;301
https://www.bassin-aubenas.fr/evenements/au-ptit-fil-dariane-25/;/agenda/au-ptit-fil-dariane-25/;301
https://www.bassin-aubenas.fr/evenements/au-ptit-fil-dariane-26/;/agenda/au-ptit-fil-dariane-26/;301
https://www.bassin-aubenas.fr/evenements/au-ptit-fil-dariane-27/;/agenda/au-ptit-fil-dariane-27/;301
https://www.bassin-aubenas.fr/evenements/au-ptit-fil-dariane-28/;/agenda/au-ptit-fil-dariane-28/;301
https://www.bassin-aubenas.fr/evenements/au-ptit-fil-dariane-3/;/agenda/au-ptit-fil-dariane-3/;301
https://www.bassin-aubenas.fr/evenements/au-ptit-fil-dariane-4/;/agenda/au-ptit-fil-dariane-4/;301
https://www.bassin-aubenas.fr/evenements/au-ptit-fil-dariane-5/;/agenda/au-ptit-fil-dariane-5/;301
https://www.bassin-aubenas.fr/evenements/au-ptit-fil-dariane-6/;/agenda/au-ptit-fil-dariane-6/;301
https://www.bassin-aubenas.fr/evenements/au-ptit-fil-dariane-7/;/agenda/au-ptit-fil-dariane-7/;301
https://www.bassin-aubenas.fr/evenements/au-ptit-fil-dariane-8/;/agenda/au-ptit-fil-dariane-8/;301
https://www.bassin-aubenas.fr/evenements/au-ptit-fil-dariane-9/;/agenda/au-ptit-fil-dariane-9/;301
https://www.bassin-aubenas.fr/evenements/au-ptit-fil-dariane/;/agenda/au-ptit-fil-dariane/;301
https://www.bassin-aubenas.fr/evenements/autour-de-la-table/;/agenda/autour-de-la-table/;301
https://www.bassin-aubenas.fr/evenements/autour-du-care-bouillon-de-culture-choregraphique-avec-clarisse-chanel/;/agenda/autour-du-care-bouillon-de-culture-choregraphique-avec-clarisse-chanel/;301
https://www.bassin-aubenas.fr/evenements/balade-nocturne-a-la-mediatheque-nuit-de-la-lecture/;/agenda/balade-nocturne-a-la-mediatheque-nuit-de-la-lecture/;301
https://www.bassin-aubenas.fr/evenements/biblis-en-folie-2024-escape-game/;/agenda/biblis-en-folie-2024-escape-game/;301
https://www.bassin-aubenas.fr/evenements/blinkbook-ton-dessin-sanime/;/agenda/blinkbook-ton-dessin-sanime/;301
https://www.bassin-aubenas.fr/evenements/bouillon-de-culture-choregraphique-nijinsky-stravinsky-diaghilev-avec-didier-puntos/;/agenda/bouillon-de-culture-choregraphique-nijinsky-stravinsky-diaghilev-avec/;301
https://www.bassin-aubenas.fr/evenements/bryan-mon-ami/;/agenda/bryan-mon-ami/;301
https://www.bassin-aubenas.fr/evenements/castanea-vibrations/;/agenda/castanea-vibrations/;301
https://www.bassin-aubenas.fr/evenements/cest-halloween/;/agenda/cest-halloween/;301
https://www.bassin-aubenas.fr/evenements/challenge-snowboard/;/agenda/challenge-snowboard/;301
https://www.bassin-aubenas.fr/evenements/championnat-de-jeu-video/;/agenda/championnat-de-jeu-video/;301
https://www.bassin-aubenas.fr/evenements/championnat-de-jeux-video/;/agenda/championnat-de-jeux-video/;301
https://www.bassin-aubenas.fr/evenements/cine-gouter-fete-du-court-metrage/;/agenda/cine-gouter-fete-du-court-metrage/;301
https://www.bassin-aubenas.fr/evenements/cine-gouter-vive-les-jeux/;/agenda/cine-gouter-vive-les-jeux/;301
https://www.bassin-aubenas.fr/evenements/cinema-en-realite-virtuelle/;/agenda/cinema-en-realite-virtuelle/;301
https://www.bassin-aubenas.fr/evenements/circle-song/;/agenda/circle-song/;301
https://www.bassin-aubenas.fr/evenements/clement-lefevre-en-images/;/agenda/clement-lefevre-en-images/;301
https://www.bassin-aubenas.fr/evenements/club-ados/;/agenda/club-ados/;301
https://www.bassin-aubenas.fr/evenements/club-chronos/;/agenda/club-chronos/;301
https://www.bassin-aubenas.fr/evenements/colette-bonzo-lectures-autour-de-ses-peintures/;/agenda/colette-bonzo-lectures-autour-de-ses-peintures/;301
https://www.bassin-aubenas.fr/evenements/compostons/;/agenda/compostons/;301
https://www.bassin-aubenas.fr/evenements/concert-de-baptiste-dupre/;/agenda/concert-de-baptiste-dupre/;301
https://www.bassin-aubenas.fr/evenements/concert-les-cheques-en-bois/;/agenda/concert-les-cheques-en-bois/;301
https://www.bassin-aubenas.fr/evenements/conference-sport-et-cinema/;/agenda/conference-sport-et-cinema/;301
https://www.bassin-aubenas.fr/evenements/contes-avec-adrien-et-elodie-2/;/agenda/contes-avec-adrien-et-elodie-2/;301
https://www.bassin-aubenas.fr/evenements/contes-avec-adrien-et-elodie/;/agenda/contes-avec-adrien-et-elodie/;301
https://www.bassin-aubenas.fr/evenements/contes-dhaiti/;/agenda/contes-dhaiti/;301
https://www.bassin-aubenas.fr/evenements/creation-dune-bd-numerique/;/agenda/creation-dune-bd-numerique/;301
https://www.bassin-aubenas.fr/evenements/cree-ta-bd-avec-lapplication-bdnf/;/agenda/cree-ta-bd-avec-lapplication-bdnf/;301
https://www.bassin-aubenas.fr/evenements/cree-ta-bd/;/agenda/cree-ta-bd/;301
https://www.bassin-aubenas.fr/evenements/cree-ton-dessin-anime-2/;/agenda/cree-ton-dessin-anime-2/;301
https://www.bassin-aubenas.fr/evenements/cree-ton-dessin-anime-3/;/agenda/cree-ton-dessin-anime-3/;301
https://www.bassin-aubenas.fr/evenements/cree-ton-dessin-anime/;/agenda/cree-ton-dessin-anime/;301
https://www.bassin-aubenas.fr/evenements/creez-votre-visite-guidee-daubenas/;/agenda/creez-votre-visite-guidee-daubenas/;301
https://www.bassin-aubenas.fr/evenements/creons-une-bd-rien-qua-nous/;/agenda/creons-une-bd-rien-qua-nous/;301
https://www.bassin-aubenas.fr/evenements/croc-au-fil-destination-caraibes/;/agenda/croc-au-fil-destination-caraibes/;301
https://www.bassin-aubenas.fr/evenements/croc-son-caca-boudin/;/agenda/croc-son-caca-boudin/;301
https://www.bassin-aubenas.fr/evenements/croc-sons-halloween/;/agenda/croc-sons-halloween/;301
https://www.bassin-aubenas.fr/evenements/croqhistoires-2/;/agenda/croqhistoires-2/;301
https://www.bassin-aubenas.fr/evenements/croqhistoires-3/;/agenda/croqhistoires-3/;301
https://www.bassin-aubenas.fr/evenements/croqhistoires-4/;/agenda/croqhistoires-4/;301
https://www.bassin-aubenas.fr/evenements/croqhistoires-5/;/agenda/croqhistoires-5/;301
https://www.bassin-aubenas.fr/evenements/croqhistoires-6/;/agenda/croqhistoires-6/;301
https://www.bassin-aubenas.fr/evenements/croqhistoires-7/;/agenda/croqhistoires-7/;301
https://www.bassin-aubenas.fr/evenements/croqhistoires-8/;/agenda/croqhistoires-8/;301
https://www.bassin-aubenas.fr/evenements/croqhistoires/;/agenda/croqhistoires/;301
https://www.bassin-aubenas.fr/evenements/dans-les-coulisses-du-partage-des-eaux/;/agenda/dans-les-coulisses-du-partage-des-eaux/;301
https://www.bassin-aubenas.fr/evenements/de-chatgpt-a-mistral-comment-les-ordinateurs-nous-parlent/;/agenda/de-chatgpt-a-mistral-comment-les-ordinateurs-nous-parlent/;301
https://www.bassin-aubenas.fr/evenements/de-mirza-a-felicie-les-prenoms-en-chansons/;/agenda/de-mirza-a-felicie-les-prenoms-en-chansons/;301
https://www.bassin-aubenas.fr/evenements/decouverte-de-lexposition-et-spectacle/;/agenda/decouverte-de-lexposition-et-spectacle/;301
https://www.bassin-aubenas.fr/evenements/decouvrir-des-applications-mobiles-tablettes-et-smartphones-2/;/agenda/decouvrir-des-applications-mobiles-tablettes-et-smartphones-2/;301
https://www.bassin-aubenas.fr/evenements/decouvrir-des-applications-mobiles-tablettes-et-smartphones/;/agenda/decouvrir-des-applications-mobiles-tablettes-et-smartphones/;301
https://www.bassin-aubenas.fr/evenements/decouvrir-le-mobile-tablettes-et-smartphones-2/;/agenda/decouvrir-le-mobile-tablettes-et-smartphones-2/;301
https://www.bassin-aubenas.fr/evenements/decouvrir-le-mobile-tablettes-et-smartphones-3/;/agenda/decouvrir-le-mobile-tablettes-et-smartphones-3/;301
https://www.bassin-aubenas.fr/evenements/decouvrir-le-mobile-tablettes-et-smartphones-4/;/agenda/decouvrir-le-mobile-tablettes-et-smartphones-4/;301
https://www.bassin-aubenas.fr/evenements/decouvrir-le-mobile-tablettes-et-smartphones/;/agenda/decouvrir-le-mobile-tablettes-et-smartphones/;301
https://www.bassin-aubenas.fr/evenements/decouvrir-smartphones-et-tablettes/;/agenda/decouvrir-smartphones-et-tablettes/;301
https://www.bassin-aubenas.fr/evenements/dede-le-campagnol/;/agenda/dede-le-campagnol/;301
https://www.bassin-aubenas.fr/evenements/des-comptines-de-vacances-a-fredonner-ensemble-2/;/agenda/des-comptines-de-vacances-a-fredonner-ensemble-2/;301
https://www.bassin-aubenas.fr/evenements/des-comptines-de-vacances-a-fredonner-ensemble/;/agenda/des-comptines-de-vacances-a-fredonner-ensemble/;301
https://www.bassin-aubenas.fr/evenements/des-jeux-a-disposition-pour-vous-au-jardin/;/agenda/des-jeux-a-disposition-pour-vous-au-jardin/;301
https://www.bassin-aubenas.fr/evenements/desirs-de-mondes/;/agenda/desirs-de-mondes/;301
https://www.bassin-aubenas.fr/evenements/dionysos-la-coupe-le-masque-et-la-panthere/;/agenda/dionysos-la-coupe-le-masque-et-la-panthere/;301
https://www.bassin-aubenas.fr/evenements/du-9-au-24-dec-2017/;/actualites/du-9-au-24-dec-2017/;301
https://www.bassin-aubenas.fr/evenements/du-fil-a-retordre-une-architecture-des-moulinages/;/agenda/du-fil-a-retordre-une-architecture-des-moulinages/;301
https://www.bassin-aubenas.fr/evenements/eclats-feminins-recomposes/;/agenda/eclats-feminins-recomposes/;301
https://www.bassin-aubenas.fr/evenements/en-marges/;/agenda/en-marges/;301
https://www.bassin-aubenas.fr/evenements/en-vue-2-dancer-par-loeil/;/agenda/en-vue-2-dancer-par-loeil/;301
https://www.bassin-aubenas.fr/evenements/espace-multisensoriel/;/agenda/espace-multisensoriel/;301
https://www.bassin-aubenas.fr/evenements/et-chez-toi-on-fait-quoi-atelier-decriture-avec-lauteure-beatrice-serre/;/agenda/et-chez-toi-on-fait-quoi-atelier-decriture-avec-lauteure-beatrice-serr/;301
https://www.bassin-aubenas.fr/evenements/et-on-ira-broder-sur/;/agenda/et-on-ira-broder-sur/;301
https://www.bassin-aubenas.fr/evenements/eveil-musical-pour-les-petits/;/agenda/eveil-musical-pour-les-petits/;301
https://www.bassin-aubenas.fr/evenements/exposition-amour-aventure/;/agenda/exposition-amour-aventure/;301
https://www.bassin-aubenas.fr/evenements/exposition-fabien-dalmasso-des-mousquetaires-aux-androides/;/agenda/exposition-fabien-dalmasso-des-mousquetaires-aux-androides/;301
https://www.bassin-aubenas.fr/evenements/exposition-habitats-sauvages/;/agenda/exposition-habitats-sauvages/;301
https://www.bassin-aubenas.fr/evenements/exposition-ils-restent-eric-courtet/;/agenda/exposition-ils-restent-eric-courtet/;301
https://www.bassin-aubenas.fr/evenements/exposition-le-grand-match/;/agenda/exposition-le-grand-match/;301
https://www.bassin-aubenas.fr/evenements/exposition-le-musee-itinerant-de-germaine/;/agenda/exposition-le-musee-itinerant-de-germaine/;301
https://www.bassin-aubenas.fr/evenements/exposition-le-plateau/;/agenda/exposition-le-plateau/;301
https://www.bassin-aubenas.fr/evenements/exposition-les-touaregs-du-niger/;/agenda/exposition-les-touaregs-du-niger/;301
https://www.bassin-aubenas.fr/evenements/exposition-par-le-pouvoir-du-manga/;/agenda/exposition-par-le-pouvoir-du-manga/;301
https://www.bassin-aubenas.fr/evenements/exposition-rendez-vous-des-couleurs/;/agenda/exposition-rendez-vous-des-couleurs/;301
https://www.bassin-aubenas.fr/evenements/fabrique-ta-carte-postale/;/agenda/fabrique-ta-carte-postale/;301
https://www.bassin-aubenas.fr/evenements/fabrique-ton-cerf-volant/;/agenda/fabrique-ton-cerf-volant/;301
https://www.bassin-aubenas.fr/evenements/fabrique-ton-marque-page-en-origami-2/;/agenda/fabrique-ton-marque-page-en-origami-2/;301
https://www.bassin-aubenas.fr/evenements/fabrique-ton-marque-page-en-origami/;/agenda/fabrique-ton-marque-page-en-origami/;301
https://www.bassin-aubenas.fr/evenements/faire-son-temps-2/;/agenda/faire-son-temps-2/;301
https://www.bassin-aubenas.fr/evenements/faire-son-temps/;/agenda/faire-son-temps/;301
https://www.bassin-aubenas.fr/evenements/fais-peter-les-basses-et-eclate-toi/;/agenda/fais-peter-les-basses-et-eclate-toi/;301
https://www.bassin-aubenas.fr/evenements/fermeture-le-samedi-15-juillet/;/agenda/fermeture-le-samedi-15-juillet/;301
https://www.bassin-aubenas.fr/evenements/flaneries-musicales/;/agenda/flaneries-musicales/;301
https://www.bassin-aubenas.fr/evenements/formes-et-couleurs-de-yann-degruel/;/agenda/formes-et-couleurs-de-yann-degruel/;301
https://www.bassin-aubenas.fr/evenements/grand-quizz-musical-estival/;/agenda/grand-quizz-musical-estival/;301
https://www.bassin-aubenas.fr/evenements/haiti-le-poeme-de-lincandescence/;/agenda/haiti-le-poeme-de-lincandescence/;301
https://www.bassin-aubenas.fr/evenements/histoires-en-lumiere/;/agenda/histoires-en-lumiere/;301
https://www.bassin-aubenas.fr/evenements/horaires-dete/;/agenda/horaires-dete/;301
https://www.bassin-aubenas.fr/evenements/hors-jeu/;/agenda/hors-jeu/;301
https://www.bassin-aubenas.fr/evenements/ici-maintenant-et-ailleurs/;/agenda/ici-maintenant-et-ailleurs/;301
https://www.bassin-aubenas.fr/evenements/ici-reposent-les-oiseaux/;/agenda/ici-reposent-les-oiseaux/;301
https://www.bassin-aubenas.fr/evenements/il-etait-une-foisdes-cocons-du-fil-des-dentelles/;/agenda/il-etait-une-foisdes-cocons-du-fil-des-dentelles/;301
https://www.bassin-aubenas.fr/evenements/inauguration-arcadia/;/agenda/inauguration-arcadia/;301
https://www.bassin-aubenas.fr/evenements/intelligences-artificielles-2/;/agenda/intelligences-artificielles-2/;301
https://www.bassin-aubenas.fr/evenements/intelligences-artificielles/;/agenda/intelligences-artificielles/;301
https://www.bassin-aubenas.fr/evenements/intuitions-artificielles-2/;/agenda/intuitions-artificielles-2/;301
https://www.bassin-aubenas.fr/evenements/intuitions-artificielles/;/agenda/intuitions-artificielles/;301
https://www.bassin-aubenas.fr/evenements/jeudi-24-nov-2017/;/actualites/jeudi-24-nov-2017/;301
https://www.bassin-aubenas.fr/evenements/jeux-autour-de-la-lecture-nuit-de-la-lecture/;/agenda/jeux-autour-de-la-lecture-nuit-de-la-lecture/;301
https://www.bassin-aubenas.fr/evenements/jeux-autour-de-la-lecture/;/agenda/jeux-autour-de-la-lecture/;301
https://www.bassin-aubenas.fr/evenements/jeux-videos-en-famille/;/agenda/jeux-videos-en-famille/;301
https://www.bassin-aubenas.fr/evenements/journee-de-la-mobilite/;/agenda/journee-de-la-mobilite/;301
https://www.bassin-aubenas.fr/evenements/la-danse-est-elle-une-affaire-de-genre/;/agenda/la-danse-est-elle-une-affaire-de-genre/;301
https://www.bassin-aubenas.fr/evenements/la-foret-au-petit-chaperon-rouge-atelier-creatif/;/agenda/la-foret-au-petit-chaperon-rouge-atelier-creatif/;301
https://www.bassin-aubenas.fr/evenements/la-france-et-cuba-une-relation-particuliere/;/agenda/la-france-et-cuba-une-relation-particuliere/;301
https://www.bassin-aubenas.fr/evenements/la-ludofamille-au-jardin-2/;/agenda/la-ludofamille-au-jardin-2/;301
https://www.bassin-aubenas.fr/evenements/la-ludofamille-au-jardin-3/;/agenda/la-ludofamille-au-jardin-3/;301
https://www.bassin-aubenas.fr/evenements/la-ludofamille-au-jardin-4/;/agenda/la-ludofamille-au-jardin-4/;301
https://www.bassin-aubenas.fr/evenements/la-ludofamille-au-jardin-5/;/agenda/la-ludofamille-au-jardin-5/;301
https://www.bassin-aubenas.fr/evenements/la-ludofamille-au-jardin/;/agenda/la-ludofamille-au-jardin/;301
https://www.bassin-aubenas.fr/evenements/la-ludomobile-bienvenue-a-la-ferme-des-jeux-de-societe/;/agenda/la-ludomobile-bienvenue-a-la-ferme-des-jeux-de-societe/;301
https://www.bassin-aubenas.fr/evenements/la-ludomobile-jeux-en-mouvement/;/agenda/la-ludomobile-jeux-en-mouvement/;301
https://www.bassin-aubenas.fr/evenements/la-ludomobile-lafriquen-jeux/;/agenda/la-ludomobile-lafriquen-jeux/;301
https://www.bassin-aubenas.fr/evenements/la-ludomobile/;/agenda/la-ludomobile/;301
https://www.bassin-aubenas.fr/evenements/la-ludotheque-prend-ses-quartiers-au-jardin-2/;/agenda/la-ludotheque-prend-ses-quartiers-au-jardin-2/;301
https://www.bassin-aubenas.fr/evenements/la-ludotheque-prend-ses-quartiers-au-jardin-3/;/agenda/la-ludotheque-prend-ses-quartiers-au-jardin-3/;301
https://www.bassin-aubenas.fr/evenements/la-ludotheque-prend-ses-quartiers-au-jardin/;/agenda/la-ludotheque-prend-ses-quartiers-au-jardin/;301
https://www.bassin-aubenas.fr/evenements/la-nuit-du-jeu-de-la-ludomobile-nuit-de-la-lecture/;/agenda/la-nuit-du-jeu-de-la-ludomobile-nuit-de-la-lecture/;301
https://www.bassin-aubenas.fr/evenements/la-promenade-des-canards/;/agenda/la-promenade-des-canards/;301
https://www.bassin-aubenas.fr/evenements/la-puce-a-loreille-decryptage/;/agenda/la-puce-a-loreille-decryptage/;301
https://www.bassin-aubenas.fr/evenements/la-roue-tourne-lardeche-et-ses-fabriques-a-soie/;/agenda/la-roue-tourne-lardeche-et-ses-fabriques-a-soie/;301
https://www.bassin-aubenas.fr/evenements/larchitecture-des-moulinages/;/agenda/larchitecture-des-moulinages/;301
https://www.bassin-aubenas.fr/evenements/le-13e-portrait-theatre-de-lintime/;/agenda/le-13e-portrait-theatre-de-lintime/;301
https://www.bassin-aubenas.fr/evenements/le-chataignier-dhier-a-aujourdhui/;/agenda/le-chataignier-dhier-a-aujourdhui/;301
https://www.bassin-aubenas.fr/evenements/le-desert-comme-seul-univers/;/agenda/le-desert-comme-seul-univers/;301
https://www.bassin-aubenas.fr/evenements/le-griot-de-la-peinture/;/agenda/le-griot-de-la-peinture/;301
https://www.bassin-aubenas.fr/evenements/le-jeu-du-mois-stray/;/agenda/le-jeu-du-mois-stray/;301
https://www.bassin-aubenas.fr/evenements/le-monde-de-demain-est-entre-nos-mains/;/agenda/le-monde-de-demain-est-entre-nos-mains/;301
https://www.bassin-aubenas.fr/evenements/le-piano-vagabond/;/agenda/le-piano-vagabond/;301
https://www.bassin-aubenas.fr/evenements/le-temps-grave-exposition-de-daniel-van-cutsem/;/agenda/le-temps-grave-exposition-de-daniel-van-cutsem/;301
https://www.bassin-aubenas.fr/evenements/leau-sous-toutes-ses-formes/;/agenda/leau-sous-toutes-ses-formes/;301
https://www.bassin-aubenas.fr/evenements/lectures-et-musique-pour-petits-et-grands/;/agenda/lectures-et-musique-pour-petits-et-grands/;301
https://www.bassin-aubenas.fr/evenements/lectures-tissees/;/agenda/lectures-tissees/;301
https://www.bassin-aubenas.fr/evenements/les-5-sens-en-musique/;/agenda/les-5-sens-en-musique/;301
https://www.bassin-aubenas.fr/evenements/les-amazones-du-dahomey/;/agenda/les-amazones-du-dahomey/;301
https://www.bassin-aubenas.fr/evenements/les-bi-portraits-bouillon-de-culture-choregraphique-2-par-mickael-phelippeau/;/agenda/les-bi-portraits-bouillon-de-culture-choregraphique-2-par-mickael-phel/;301
https://www.bassin-aubenas.fr/evenements/les-marches-de-la-ludo-2/;/agenda/les-marches-de-la-ludo-2/;301
https://www.bassin-aubenas.fr/evenements/les-marches-de-la-ludo/;/agenda/les-marches-de-la-ludo/;301
https://www.bassin-aubenas.fr/evenements/les-pochoirs-de-bernadette/;/agenda/les-pochoirs-de-bernadette/;301
https://www.bassin-aubenas.fr/evenements/lets-play-2/;/agenda/lets-play-2/;301
https://www.bassin-aubenas.fr/evenements/lets-play-4/;/agenda/lets-play-4/;301
https://www.bassin-aubenas.fr/evenements/lets-play-5/;/agenda/lets-play-5/;301
https://www.bassin-aubenas.fr/evenements/lieux-peu-communs/;/agenda/lieux-peu-communs/;301
https://www.bassin-aubenas.fr/evenements/light-painting-nuit-de-la-lecture/;/agenda/light-painting-nuit-de-la-lecture/;301
https://www.bassin-aubenas.fr/evenements/lours-et-le-roitelet/;/agenda/lours-et-le-roitelet/;301
https://www.bassin-aubenas.fr/evenements/ludado-2/;/agenda/ludado-2/;301
https://www.bassin-aubenas.fr/evenements/ludado-3/;/agenda/ludado-3/;301
https://www.bassin-aubenas.fr/evenements/ludado-4/;/agenda/ludado-4/;301
https://www.bassin-aubenas.fr/evenements/ludado/;/agenda/ludado/;301
https://www.bassin-aubenas.fr/evenements/ludoado-3/;/agenda/ludoado-3/;301
https://www.bassin-aubenas.fr/evenements/ludoado-5/;/agenda/ludoado-5/;301
https://www.bassin-aubenas.fr/evenements/ludoado-6/;/agenda/ludoado-6/;301
https://www.bassin-aubenas.fr/evenements/ludofamille-10/;/agenda/ludofamille-10/;301
https://www.bassin-aubenas.fr/evenements/ludofamille-11/;/agenda/ludofamille-11/;301
https://www.bassin-aubenas.fr/evenements/ludofamille-12/;/agenda/ludofamille-12/;301
https://www.bassin-aubenas.fr/evenements/ludofamille-13/;/agenda/ludofamille-13/;301
https://www.bassin-aubenas.fr/evenements/ludofamille-14/;/agenda/ludofamille-14/;301
https://www.bassin-aubenas.fr/evenements/ludofamille-15/;/agenda/ludofamille-15/;301
https://www.bassin-aubenas.fr/evenements/ludofamille-16/;/agenda/ludofamille-16/;301
https://www.bassin-aubenas.fr/evenements/ludofamille-17/;/agenda/ludofamille-17/;301
https://www.bassin-aubenas.fr/evenements/ludofamille-18/;/agenda/ludofamille-18/;301
https://www.bassin-aubenas.fr/evenements/ludofamille-19/;/agenda/ludofamille-19/;301
https://www.bassin-aubenas.fr/evenements/ludofamille-2/;/agenda/ludofamille-2/;301
https://www.bassin-aubenas.fr/evenements/ludofamille-20/;/agenda/ludofamille-20/;301
https://www.bassin-aubenas.fr/evenements/ludofamille-21/;/agenda/ludofamille-21/;301
https://www.bassin-aubenas.fr/evenements/ludofamille-22/;/agenda/ludofamille-22/;301
https://www.bassin-aubenas.fr/evenements/ludofamille-3-2-1-jouez/;/agenda/ludofamille-3-2-1-jouez/;301
https://www.bassin-aubenas.fr/evenements/ludofamille-3/;/agenda/ludofamille-3/;301
https://www.bassin-aubenas.fr/evenements/ludofamille-4/;/agenda/ludofamille-4/;301
https://www.bassin-aubenas.fr/evenements/ludofamille-5/;/agenda/ludofamille-5/;301
https://www.bassin-aubenas.fr/evenements/ludofamille-6/;/agenda/ludofamille-6/;301
https://www.bassin-aubenas.fr/evenements/ludofamille-7/;/agenda/ludofamille-7/;301
https://www.bassin-aubenas.fr/evenements/ludofamille-8/;/agenda/ludofamille-8/;301
https://www.bassin-aubenas.fr/evenements/ludofamille-au-jardin-2/;/agenda/ludofamille-au-jardin-2/;301
https://www.bassin-aubenas.fr/evenements/ludofamille-au-jardin-3/;/agenda/ludofamille-au-jardin-3/;301
https://www.bassin-aubenas.fr/evenements/ludofamille-au-jardin-4/;/agenda/ludofamille-au-jardin-4/;301
https://www.bassin-aubenas.fr/evenements/ludofamille-au-jardin-5/;/agenda/ludofamille-au-jardin-5/;301
https://www.bassin-aubenas.fr/evenements/ludofamille-au-jardin/;/agenda/ludofamille-au-jardin/;301
https://www.bassin-aubenas.fr/evenements/ludofamille-constructions-en-folie/;/agenda/ludofamille-constructions-en-folie/;301
https://www.bassin-aubenas.fr/evenements/ludofamille-des-images-et-des-jeux/;/agenda/ludofamille-des-images-et-des-jeux/;301
https://www.bassin-aubenas.fr/evenements/ludofamille-les-5-sens-en-jeux/;/agenda/ludofamille-les-5-sens-en-jeux/;301
https://www.bassin-aubenas.fr/evenements/ludofamille-nature-en-jeux/;/agenda/ludofamille-nature-en-jeux/;301
https://www.bassin-aubenas.fr/evenements/ludofamille-surprise-2/;/agenda/ludofamille-surprise-2/;301
https://www.bassin-aubenas.fr/evenements/ludofamille-surprise/;/agenda/ludofamille-surprise/;301
https://www.bassin-aubenas.fr/evenements/ludofamille-surprises-2/;/agenda/ludofamille-surprises-2/;301
https://www.bassin-aubenas.fr/evenements/ludofamille-surprises/;/agenda/ludofamille-surprises/;301
https://www.bassin-aubenas.fr/evenements/ludofamille/;/agenda/ludofamille/;301
https://www.bassin-aubenas.fr/evenements/ma-fabrique-de-livres/;/agenda/ma-fabrique-de-livres/;301
https://www.bassin-aubenas.fr/evenements/majorettes/;/agenda/majorettes/;301
https://www.bassin-aubenas.fr/evenements/memoires-brodeuses/;/agenda/memoires-brodeuses/;301
https://www.bassin-aubenas.fr/evenements/mes-petits-carnets-ateliers-creatifs-avec-lauteure-beatrice-serre/;/agenda/mes-petits-carnets-ateliers-creatifs-avec-lauteure-beatrice-serre/;301
https://www.bassin-aubenas.fr/evenements/mjfa-championship-tous-en-cuisine/;/agenda/mjfa-championship-tous-en-cuisine/;301
https://www.bassin-aubenas.fr/evenements/mjfa-championship-vacances-a-la-neige/;/agenda/mjfa-championship-vacances-a-la-neige/;301
https://www.bassin-aubenas.fr/evenements/modeste-affama-projection-et-rencontre/;/agenda/modeste-affama-projection-et-rencontre/;301
https://www.bassin-aubenas.fr/evenements/musik-ai/;/agenda/musik-ai/;301
https://www.bassin-aubenas.fr/evenements/musique-et-ia-2/;/agenda/musique-et-ia-2/;301
https://www.bassin-aubenas.fr/evenements/musique-et-ia/;/agenda/musique-et-ia/;301
https://www.bassin-aubenas.fr/evenements/musiques-insolites/;/agenda/musiques-insolites/;301
https://www.bassin-aubenas.fr/evenements/notre-usine-a-nous/;/agenda/notre-usine-a-nous/;301
https://www.bassin-aubenas.fr/evenements/nuit-de-la-lecture/;/agenda/nuit-de-la-lecture/;301
https://www.bassin-aubenas.fr/evenements/nuits-de-la-lecture-soiree-de-lancement-de-la-programmation/;/agenda/nuits-de-la-lecture-soiree-de-lancement-de-la-programmation/;301
https://www.bassin-aubenas.fr/evenements/osmose/;/agenda/osmose/;301
https://www.bassin-aubenas.fr/evenements/papa-pingouin/;/agenda/papa-pingouin/;301
https://www.bassin-aubenas.fr/evenements/partir-en-livre-a-aubenas-09-07-2024/;/agenda/partir-en-livre-a-aubenas-09-07-2024/;301
https://www.bassin-aubenas.fr/evenements/partir-en-livre-a-mercuer-un-relai-culturel-sur-le-bassin-daubenas/;/agenda/partir-en-livre-a-mercuer-un-relai-culturel-sur-le-bassin-daubenas/;301
https://www.bassin-aubenas.fr/evenements/partir-en-livre-a-vals-les-bains-un-relai-culturel-sur-le-bassin-daubenas/;/agenda/partir-en-livre-a-vals-les-bains-un-relai-culturel-sur-le-bassin-daube/;301
https://www.bassin-aubenas.fr/evenements/partir-en-livre/;/agenda/partir-en-livre/;301
https://www.bassin-aubenas.fr/evenements/partir-en-livres-2022/;/agenda/partir-en-livres-2022/;301
https://www.bassin-aubenas.fr/evenements/pause-cinema-va-y-avoir-du-sport/;/agenda/pause-cinema-va-y-avoir-du-sport/;301
https://www.bassin-aubenas.fr/evenements/philotrement/;/agenda/philotrement/;301
https://www.bassin-aubenas.fr/evenements/photographisme/;/agenda/photographisme/;301
https://www.bassin-aubenas.fr/evenements/pinocchio/;/agenda/pinocchio/;301
https://www.bassin-aubenas.fr/evenements/portes-ouvertes-de-la-maison-de-services-au-public/;/agenda/portes-ouvertes-de-la-maison-de-services-au-public/;301
https://www.bassin-aubenas.fr/evenements/presentation-du-programme-du-festival-de-contes/;/agenda/presentation-du-programme-du-festival-de-contes/;301
https://www.bassin-aubenas.fr/evenements/pris-de-courts-fete-du-court-metrage/;/agenda/pris-de-courts-fete-du-court-metrage/;301
https://www.bassin-aubenas.fr/evenements/projection-croquantes/;/agenda/projection-croquantes/;301
https://www.bassin-aubenas.fr/evenements/projection-lecohameau-un-chemin-daventure/;/agenda/projection-lecohameau-un-chemin-daventure/;301
https://www.bassin-aubenas.fr/evenements/projection-rencontre-braguino/;/agenda/projection-rencontre-braguino/;301
https://www.bassin-aubenas.fr/evenements/projection-rencontre-lisiere/;/agenda/projection-rencontre-lisiere/;301
https://www.bassin-aubenas.fr/evenements/projection-rencontre-silent-voice/;/agenda/projection-rencontre-silent-voice/;301
https://www.bassin-aubenas.fr/evenements/projection-rencontre-talking-about-trees/;/agenda/projection-rencontre-talking-about-trees/;301
https://www.bassin-aubenas.fr/evenements/projection-virage-vers-le-futur/;/agenda/projection-virage-vers-le-futur/;301
https://www.bassin-aubenas.fr/evenements/projet-voie-douce-voie-vertes-reunion-de-presentation-aux-riverains/;/agenda/projet-voie-douce-voie-vertes-reunion-de-presentation-aux-riverains/;301
https://www.bassin-aubenas.fr/evenements/puce-a-loreille-spectacle-decouverte-dans-les-coulisses-dun-piccolo-opera/;/agenda/puce-a-loreille-spectacle-decouverte-dans-les-coulisses-dun-piccolo-op/;301
https://www.bassin-aubenas.fr/evenements/quand-la-musique-samuse-2/;/agenda/quand-la-musique-samuse-2/;301
https://www.bassin-aubenas.fr/evenements/quand-la-musique-samuse/;/agenda/quand-la-musique-samuse/;301
https://www.bassin-aubenas.fr/evenements/quatre-saisons-de-haikus/;/agenda/quatre-saisons-de-haikus/;301
https://www.bassin-aubenas.fr/evenements/questions-reponses-autour-de-linformatique/;/agenda/questions-reponses-autour-de-linformatique/;301
https://www.bassin-aubenas.fr/evenements/qui-a-refroidi-lemaure-exposition-interactive/;/agenda/qui-a-refroidi-lemaure-exposition-interactive/;301
https://www.bassin-aubenas.fr/evenements/quiz-musical-pause-musicale/;/agenda/quiz-musical-pause-musicale/;301
https://www.bassin-aubenas.fr/evenements/quiz-musical/;/agenda/quiz-musical/;301
https://www.bassin-aubenas.fr/evenements/realite-virtuelle-de-nouveaux-enjeux-de-creation-artistique/;/agenda/realite-virtuelle-de-nouveaux-enjeux-de-creation-artistique/;301
https://www.bassin-aubenas.fr/evenements/rencontre-avec-andre-charles-pazdzerski-peintre-et-jean-pierre-gelly-ecrivain/;/agenda/rencontre-avec-andre-charles-pazdzerski-peintre-et-jean-pierre-gelly-e/;301
https://www.bassin-aubenas.fr/evenements/rencontre-avec-les-photographes-exposes/;/agenda/rencontre-avec-les-photographes-exposes/;301
https://www.bassin-aubenas.fr/evenements/rencontre-de-vernissee/;/agenda/rencontre-de-vernissee/;301
https://www.bassin-aubenas.fr/evenements/rencontre-et-echange-avec-lartiste-peintre-codjo/;/agenda/rencontre-et-echange-avec-lartiste-peintre-codjo/;301
https://www.bassin-aubenas.fr/evenements/rendez-vous-mediatheque-janvier-juin-2026/;/agenda/rendez-vous-mediatheque-janvier-juin-2026/;301
https://www.bassin-aubenas.fr/evenements/representation-de-la-chorale-junior-de-la-n-e-m-a/;/agenda/representation-de-la-chorale-junior-de-la-n-e-m-a/;301
https://www.bassin-aubenas.fr/evenements/retrogaming-retour-vers-le-futur/;/agenda/retrogaming-retour-vers-le-futur/;301
https://www.bassin-aubenas.fr/evenements/rockn-roll-attitude/;/agenda/rockn-roll-attitude/;301
https://www.bassin-aubenas.fr/evenements/scenes-de-vie-en-cevennes/;/agenda/scenes-de-vie-en-cevennes/;301
https://www.bassin-aubenas.fr/evenements/se-deplacer-autrement/;/agenda/se-deplacer-autrement/;301
https://www.bassin-aubenas.fr/evenements/semaine-bleue-2019-2/;/agenda/semaine-bleue-2019-2/;301
https://www.bassin-aubenas.fr/evenements/showcase-1-pause-musicale/;/agenda/showcase-1-pause-musicale/;301
https://www.bassin-aubenas.fr/evenements/showcase2-keziah-ma-pause-musicale/;/agenda/showcase2-keziah-ma-pause-musicale/;301
https://www.bassin-aubenas.fr/evenements/sieste-litteraire-bienvenue-a-sturkeyville-bob-leman/;/agenda/sieste-litteraire-bienvenue-a-sturkeyville-bob-leman/;301
https://www.bassin-aubenas.fr/evenements/sieste-litteraire-eloge-de-la-marche-david-le-breton-extraits/;/agenda/sieste-litteraire-eloge-de-la-marche-david-le-breton-extraits/;301
https://www.bassin-aubenas.fr/evenements/sieste-litteraire-et-musicale-2/;/agenda/sieste-litteraire-et-musicale-2/;301
https://www.bassin-aubenas.fr/evenements/sieste-litteraire-et-musicale-3/;/agenda/sieste-litteraire-et-musicale-3/;301
https://www.bassin-aubenas.fr/evenements/sieste-litteraire-et-musicale-4/;/agenda/sieste-litteraire-et-musicale-4/;301
https://www.bassin-aubenas.fr/evenements/sieste-litteraire-et-musicale-nuit-de-la-lecture/;/agenda/sieste-litteraire-et-musicale-nuit-de-la-lecture/;301
https://www.bassin-aubenas.fr/evenements/sieste-litteraire-et-musicale/;/agenda/sieste-litteraire-et-musicale/;301
https://www.bassin-aubenas.fr/evenements/sieste-litteraire-hyacinthe-et-rose-francois-morel/;/agenda/sieste-litteraire-hyacinthe-et-rose-francois-morel/;301
https://www.bassin-aubenas.fr/evenements/sieste-litteraire-le-vieil-homme-et-la-mer-ernest-hemingway-extraits/;/agenda/sieste-litteraire-le-vieil-homme-et-la-mer-ernest-hemingway-extraits/;301
https://www.bassin-aubenas.fr/evenements/sieste-litteraire-les-annees-annie-ernaux-extraits/;/agenda/sieste-litteraire-les-annees-annie-ernaux-extraits/;301
https://www.bassin-aubenas.fr/evenements/sieste-litteraire-lhote-albert-camus/;/agenda/sieste-litteraire-lhote-albert-camus/;301
https://www.bassin-aubenas.fr/evenements/sieste-litteraire-poetes-qui-etes-vous/;/agenda/sieste-litteraire-poetes-qui-etes-vous/;301
https://www.bassin-aubenas.fr/evenements/sieste-litteraire-voyage-au-centre-de-la-terre-jules-verne-extraits/;/agenda/sieste-litteraire-voyage-au-centre-de-la-terre-jules-verne-extraits/;301
https://www.bassin-aubenas.fr/evenements/sieste-litteraire/;/agenda/sieste-litteraire/;301
https://www.bassin-aubenas.fr/evenements/spectacle-robin-des-bois/;/agenda/spectacle-robin-des-bois/;301
https://www.bassin-aubenas.fr/evenements/speedbooking-prix-lyceen-du-livre-de-sciences-economiques-et-sociales/;/agenda/speedbooking-prix-lyceen-du-livre-de-sciences-economiques-et-sociales/;301
https://www.bassin-aubenas.fr/evenements/speleotruck-la-grotte-qui-vient-a-vous-2/;/agenda/speleotruck-la-grotte-qui-vient-a-vous-2/;301
https://www.bassin-aubenas.fr/evenements/speleotruck-la-grotte-qui-vient-a-vous/;/agenda/speleotruck-la-grotte-qui-vient-a-vous/;301
https://www.bassin-aubenas.fr/evenements/sur-loeuvre-de-vaslav-nijinsky/;/agenda/sur-loeuvre-de-vaslav-nijinsky/;301
https://www.bassin-aubenas.fr/evenements/tavelles-et-torsions-chansons-des-ouvrieres-en-soie/;/agenda/tavelles-et-torsions-chansons-des-ouvrieres-en-soie/;301
https://www.bassin-aubenas.fr/evenements/territoires-du-cinematographe/;/agenda/territoires-du-cinematographe/;301
https://www.bassin-aubenas.fr/evenements/tournoi-des-ia/;/agenda/tournoi-des-ia/;301
https://www.bassin-aubenas.fr/evenements/tournoi-rocket-league/;/agenda/tournoi-rocket-league/;301
https://www.bassin-aubenas.fr/evenements/tous-en-selle/;/agenda/tous-en-selle/;301
https://www.bassin-aubenas.fr/evenements/tout-ce-que-vous-avez-toujours-voulu-savoir-sur-la-danse-contemporaine-sans-jamais-oser-le-demander-2/;/agenda/tout-ce-que-vous-avez-toujours-voulu-savoir-sur-la-danse-contemporaine-2/;301
https://www.bassin-aubenas.fr/evenements/tout-ce-que-vous-avez-toujours-voulu-savoir-sur-la-danse-contemporaine-sans-jamais-oser-le-demander/;/agenda/tout-ce-que-vous-avez-toujours-voulu-savoir-sur-la-danse-contemporaine/;301
https://www.bassin-aubenas.fr/evenements/trophee-jeuneco-exposition-marche-et-nettoyage-des-bords-de-lardeche/;/agenda/trophee-jeuneco-exposition-marche-et-nettoyage-des-bords-de-lardeche/;301
https://www.bassin-aubenas.fr/evenements/trophee-jeuneco-spectacle-le-grand-jeu-du-quizz/;/agenda/trophee-jeuneco-spectacle-le-grand-jeu-du-quizz/;301
https://www.bassin-aubenas.fr/evenements/un-apres-midi-pour-la-parentalite/;/agenda/un-apres-midi-pour-la-parentalite/;301
https://www.bassin-aubenas.fr/evenements/un-supplement-dame-la-lutherie/;/agenda/un-supplement-dame-la-lutherie/;301
https://www.bassin-aubenas.fr/evenements/un-the-au-sahara/;/agenda/un-the-au-sahara/;301
https://www.bassin-aubenas.fr/evenements/une-histoire-du-cinema/;/agenda/une-histoire-du-cinema/;301
https://www.bassin-aubenas.fr/evenements/une-sieste-litteraire-et-ca-repart-a-bicyclette-avec-raoul-2/;/agenda/une-sieste-litteraire-et-ca-repart-a-bicyclette-avec-raoul-2/;301
https://www.bassin-aubenas.fr/evenements/une-sieste-litteraire-et-ca-repart-a-bicyclette-avec-raoul/;/agenda/une-sieste-litteraire-et-ca-repart-a-bicyclette-avec-raoul/;301
https://www.bassin-aubenas.fr/evenements/une-sieste-litteraire-et-ca-repart-a-bicyclette/;/agenda/une-sieste-litteraire-et-ca-repart-a-bicyclette/;301
https://www.bassin-aubenas.fr/evenements/une-sieste-litteraire-et-ca-repart-a-la-passion/;/agenda/une-sieste-litteraire-et-ca-repart-a-la-passion/;301
https://www.bassin-aubenas.fr/evenements/une-sieste-litteraire-et-ca-repart-au-coeur-dun-ete-tout-en-or/;/agenda/une-sieste-litteraire-et-ca-repart-au-coeur-dun-ete-tout-en-or/;301
https://www.bassin-aubenas.fr/evenements/une-sieste-litteraire-et-ca-repart-autour-de-loeuvre-de-martine-dierse/;/agenda/une-sieste-litteraire-et-ca-repart-autour-de-loeuvre-de-martine-dierse/;301
https://www.bassin-aubenas.fr/evenements/une-sieste-litteraire-et-ca-repart-de-pierre-et-dos-berengere-cournut-extraits/;/agenda/une-sieste-litteraire-et-ca-repart-de-pierre-et-dos-berengere-cournut/;301
https://www.bassin-aubenas.fr/evenements/une-sieste-litteraire-et-ca-repart-de-quoi-aimer-vivre-fatou-diome/;/agenda/une-sieste-litteraire-et-ca-repart-de-quoi-aimer-vivre-fatou-diome/;301
https://www.bassin-aubenas.fr/evenements/une-sieste-litteraire-et-ca-repart-haut-et-fort/;/agenda/une-sieste-litteraire-et-ca-repart-haut-et-fort/;301
https://www.bassin-aubenas.fr/evenements/une-sieste-litteraire-et-ca-repart-la-sieste-fait-son-cinema/;/agenda/une-sieste-litteraire-et-ca-repart-la-sieste-fait-son-cinema/;301
https://www.bassin-aubenas.fr/evenements/une-sieste-litteraire-et-ca-repart-la-sombre-jamaique-de-marlon-james/;/agenda/une-sieste-litteraire-et-ca-repart-la-sombre-jamaique-de-marlon-james/;301
https://www.bassin-aubenas.fr/evenements/une-sieste-litteraire-et-ca-repart-la-vie-en-cabane-david-lefevre-extraits/;/agenda/une-sieste-litteraire-et-ca-repart-la-vie-en-cabane-david-lefevre-extr/;301
https://www.bassin-aubenas.fr/evenements/une-sieste-litteraire-et-ca-repart-le-palais-de-verre-simon-mawer-extraits/;/agenda/une-sieste-litteraire-et-ca-repart-le-palais-de-verre-simon-mawer-extr/;301
https://www.bassin-aubenas.fr/evenements/une-sieste-litteraire-et-ca-repart-le-pays-den-haut-extraits-de-loeuvre-de-marie-helene-lafon-2/;/agenda/une-sieste-litteraire-et-ca-repart-le-pays-den-haut-extraits-de-loeuvr-2/;301
https://www.bassin-aubenas.fr/evenements/une-sieste-litteraire-et-ca-repart-le-pays-den-haut-extraits-de-loeuvre-de-marie-helene-lafon/;/agenda/une-sieste-litteraire-et-ca-repart-le-pays-den-haut-extraits-de-loeuvr/;301
https://www.bassin-aubenas.fr/evenements/une-sieste-litteraire-et-ca-repart-le-quai-de-ouistreham-florence-aubenas-2/;/agenda/une-sieste-litteraire-et-ca-repart-le-quai-de-ouistreham-florence-aube/;301
https://www.bassin-aubenas.fr/evenements/une-sieste-litteraire-et-ca-repart-le-quai-de-ouistreham-florence-aubenas/;/agenda/une-sieste-litteraire-et-ca-repart-le-quai-de-ouistreham-florence-aube-2/;301
https://www.bassin-aubenas.fr/evenements/une-sieste-litteraire-et-ca-repart-les-oiseaux/;/agenda/une-sieste-litteraire-et-ca-repart-les-oiseaux/;301
https://www.bassin-aubenas.fr/evenements/une-sieste-litteraire-et-ca-repart-lhomme-qui-ne-possedait-rien-jean-claude-mourlevat/;/agenda/une-sieste-litteraire-et-ca-repart-lhomme-qui-ne-possedait-rien-jean-c/;301
https://www.bassin-aubenas.fr/evenements/une-sieste-litteraire-et-ca-repart-meto-yves-grevet-extrait/;/agenda/une-sieste-litteraire-et-ca-repart-meto-yves-grevet-extrait/;301
https://www.bassin-aubenas.fr/evenements/une-sieste-litteraire-et-ca-repart-poemes-de-prisonniers-2/;/agenda/une-sieste-litteraire-et-ca-repart-poemes-de-prisonniers-2/;301
https://www.bassin-aubenas.fr/evenements/une-sieste-litteraire-et-ca-repart-poemes-de-prisonniers/;/agenda/une-sieste-litteraire-et-ca-repart-poemes-de-prisonniers/;301
https://www.bassin-aubenas.fr/evenements/une-sieste-litteraire-et-ca-repart-toni-morrison/;/agenda/une-sieste-litteraire-et-ca-repart-toni-morrison/;301
https://www.bassin-aubenas.fr/evenements/une-sieste-litteraire-et-ca-repart-un-sacre-gueuleton-manger-boire-et-vivre-jim-harrison-extraits-2/;/agenda/une-sieste-litteraire-et-ca-repart-un-sacre-gueuleton-manger-boire-et-2/;301
https://www.bassin-aubenas.fr/evenements/une-sieste-litteraire-et-ca-repart-un-sacre-gueuleton-manger-boire-et-vivre-jim-harrison-extraits/;/agenda/une-sieste-litteraire-et-ca-repart-un-sacre-gueuleton-manger-boire-et/;301
https://www.bassin-aubenas.fr/evenements/une-sieste-litteraire-et-ca-repart-violante-maryline-desbiolles-extraits/;/agenda/une-sieste-litteraire-et-ca-repart-violante-maryline-desbiolles-extrai/;301
https://www.bassin-aubenas.fr/evenements/une-sieste-litteraire-lhomme-aux-doigts-dor-marc-villard-extraits/;/agenda/une-sieste-litteraire-lhomme-aux-doigts-dor-marc-villard-extraits/;301
https://www.bassin-aubenas.fr/evenements/vanitas-vanitatis/;/agenda/vanitas-vanitatis/;301
https://www.bassin-aubenas.fr/evenements/vendredi-28-oct-2017/;/actualites/vendredi-28-oct-2017/;301
https://www.bassin-aubenas.fr/evenements/vernissage-de-lexposition-en-vue-2-dancer-par-loeil-performance-circulation-dancante/;/agenda/vernissage-de-lexposition-en-vue-2-dancer-par-loeil-performance-circul/;301
https://www.bassin-aubenas.fr/evenements/visite-commentee-de-lexposition-a-la-decouverte-de-la-grotte-chauvet-pont-darc/;/agenda/visite-commentee-de-lexposition-a-la-decouverte-de-la-grotte-chauvet-p/;301
https://www.bassin-aubenas.fr/evenements/visite-guidee-de-lexposition-avec-lartiste-daniel-van-cutsem/;/agenda/visite-guidee-de-lexposition-avec-lartiste-daniel-van-cutsem/;301
https://www.bassin-aubenas.fr/evenements/votre-mediatheque-en-ligne/;/agenda/votre-mediatheque-en-ligne/;301
https://www.bassin-aubenas.fr/evenements/voyage-en-europe/;/agenda/voyage-en-europe/;301
https://www.bassin-aubenas.fr/evenements/vr-realite-virtuelle/;/agenda/vr-realite-virtuelle/;301
https://www.bassin-aubenas.fr/evenements/webconference-ouverture-commerciale-de-la-fibre/;/agenda/webconference-ouverture-commerciale-de-la-fibre/;301
https://www.bassin-aubenas.fr/evenements/yankel-intime/;/agenda/yankel-intime/;301
https://www.bassin-aubenas.fr/https-www-bassin-aubenas-fr-services-urbanisme-autorisations-urbanisme-depot-et-instruction-de-votre-demande-dautorisation-durbanisme/;/contenus/https-www-bassin-aubenas-fr-services-urbanisme-autorisations-urbanisme/;301
https://www.bassin-aubenas.fr/intercommunalite/28-communes/;/la-ccba-et-le-territoire/le-territoire/nos-28-communes/;301
https://www.bassin-aubenas.fr/intercommunalite/28-communes/ailhon/;/la-ccba-et-le-territoire/le-territoire/nos-28-communes/ailhon/;301
https://www.bassin-aubenas.fr/intercommunalite/28-communes/aizac/;/la-ccba-et-le-territoire/le-territoire/nos-28-communes/aizac/;301
https://www.bassin-aubenas.fr/intercommunalite/28-communes/aubenas/;/la-ccba-et-le-territoire/le-territoire/nos-28-communes/aubenas/;301
https://www.bassin-aubenas.fr/intercommunalite/28-communes/fons/;/la-ccba-et-le-territoire/le-territoire/nos-28-communes/fons/;301
https://www.bassin-aubenas.fr/intercommunalite/28-communes/genestelle/;/la-ccba-et-le-territoire/le-territoire/nos-28-communes/genestelle/;301
https://www.bassin-aubenas.fr/intercommunalite/28-communes/juvinas/;/la-ccba-et-le-territoire/le-territoire/nos-28-communes/juvinas/;301
https://www.bassin-aubenas.fr/intercommunalite/28-communes/labastide/;/la-ccba-et-le-territoire/le-territoire/nos-28-communes/labastide-sur-besorgues/;301
https://www.bassin-aubenas.fr/intercommunalite/28-communes/labegude/;/la-ccba-et-le-territoire/le-territoire/nos-28-communes/labegude/;301
https://www.bassin-aubenas.fr/intercommunalite/28-communes/lachapelle-sous-aubenas/;/la-ccba-et-le-territoire/le-territoire/nos-28-communes/lachapelle-sous-aubenas/;301
https://www.bassin-aubenas.fr/intercommunalite/28-communes/lavilledieu/;/la-ccba-et-le-territoire/le-territoire/nos-28-communes/lavilledieu/;301
https://www.bassin-aubenas.fr/intercommunalite/28-communes/laviolle/;/la-ccba-et-le-territoire/le-territoire/nos-28-communes/laviolle/;301
https://www.bassin-aubenas.fr/intercommunalite/28-communes/lentilleres/;/la-ccba-et-le-territoire/le-territoire/nos-28-communes/lentilleres/;301
https://www.bassin-aubenas.fr/intercommunalite/28-communes/mercuer/;/la-ccba-et-le-territoire/le-territoire/nos-28-communes/mercuer/;301
https://www.bassin-aubenas.fr/intercommunalite/28-communes/mezilhac/;/la-ccba-et-le-territoire/le-territoire/nos-28-communes/mezilhac/;301
https://www.bassin-aubenas.fr/intercommunalite/28-communes/saint-andeol-de-vals/;/la-ccba-et-le-territoire/le-territoire/nos-28-communes/saint-andeol-de-vals/;301
https://www.bassin-aubenas.fr/intercommunalite/28-communes/saint-didier-sous-aubenas/;/la-ccba-et-le-territoire/le-territoire/nos-28-communes/saint-didier-sous-aubenas/;301
https://www.bassin-aubenas.fr/intercommunalite/28-communes/saint-etienne-de-boulogne/;/la-ccba-et-le-territoire/le-territoire/nos-28-communes/saint-etienne-de-boulogne/;301
https://www.bassin-aubenas.fr/intercommunalite/28-communes/saint-etienne-de-fontbellon/;/la-ccba-et-le-territoire/le-territoire/nos-28-communes/saint-etienne-de-fontbellon/;301
https://www.bassin-aubenas.fr/intercommunalite/28-communes/saint-joseph-des-bancs/;/la-ccba-et-le-territoire/le-territoire/nos-28-communes/saint-joseph-des-bancs/;301
https://www.bassin-aubenas.fr/intercommunalite/28-communes/saint-julien-du-serre/;/la-ccba-et-le-territoire/le-territoire/nos-28-communes/saint-julien-du-serre/;301
https://www.bassin-aubenas.fr/intercommunalite/28-communes/saint-michel-de-boulogne/;/la-ccba-et-le-territoire/le-territoire/nos-28-communes/saint-michel-de-boulogne/;301
https://www.bassin-aubenas.fr/intercommunalite/28-communes/saint-privat/;/la-ccba-et-le-territoire/le-territoire/nos-28-communes/saint-privat/;301
https://www.bassin-aubenas.fr/intercommunalite/28-communes/saint-sernin/;/la-ccba-et-le-territoire/le-territoire/nos-28-communes/saint-sernin/;301
https://www.bassin-aubenas.fr/intercommunalite/28-communes/ucel/;/la-ccba-et-le-territoire/le-territoire/nos-28-communes/ucel/;301
https://www.bassin-aubenas.fr/intercommunalite/28-communes/vallees-dantraigues-asperjoc/;/la-ccba-et-le-territoire/le-territoire/nos-28-communes/vallees-d-antraigues-asperjoc/;301
https://www.bassin-aubenas.fr/intercommunalite/28-communes/vals-les-bains/;/la-ccba-et-le-territoire/le-territoire/nos-28-communes/vals-les-bains/;301
https://www.bassin-aubenas.fr/intercommunalite/28-communes/vesseaux/;/la-ccba-et-le-territoire/le-territoire/nos-28-communes/vesseaux/;301
https://www.bassin-aubenas.fr/intercommunalite/28-communes/vinezac/;/la-ccba-et-le-territoire/le-territoire/nos-28-communes/vinezac/;301
https://www.bassin-aubenas.fr/intercommunalite/administration/actes-administratifs/;/la-ccba-et-le-territoire/documents-publics/actes-administratifs/;301
https://www.bassin-aubenas.fr/intercommunalite/administration/finances/;/la-ccba-et-le-territoire/documents-publics/finances/;301
https://www.bassin-aubenas.fr/intercommunalite/administration/offres-d-emploi/une-assistante-de-direction-responsable-administratifve-et-financierere-coordinateurrice-musique-a-lecole-h-f/;/la-ccba-et-le-territoire/recrutement-et-rh/offres-d-emploi/une-assistante-de-direction-responsable-administratifve-et-financierer/;301
https://www.bassin-aubenas.fr/intercommunalite/administration/offres-d-emploi/une-chargee-de-mission-attractivite-du-territoire-h-f/;/la-ccba-et-le-territoire/recrutement-et-rh/offres-d-emploi/une-chargee-de-mission-attractivite-du-territoire-h-f/;301
https://www.bassin-aubenas.fr/intercommunalite/administration/organigramme/;/la-ccba-et-le-territoire/la-communaute-de-communes/organigramme/;301
https://www.bassin-aubenas.fr/intercommunalite/administration/rapport-dactivite/;/la-ccba-et-le-territoire/documents-publics/rapport-dactivite/;301
https://www.bassin-aubenas.fr/intercommunalite/administration/rh-publications-obligatoires/;/la-ccba-et-le-territoire/recrutement-et-rh/publications-obligatoires/;301
https://www.bassin-aubenas.fr/intercommunalite/administration/siege-administratif/;/la-ccba-et-le-territoire/la-communaute-de-communes/organisation-et-poles/;301
https://www.bassin-aubenas.fr/intercommunalite/administration/subventions-associations/;/services-demarches/associations/demander-une-subvention/;301
https://www.bassin-aubenas.fr/intercommunalite/conseil-communautaire/deliberations-proces-verbaux-cc/;/la-ccba-et-le-territoire/elus-et-conseil-communautaire/deliberations-et-proces-verbaux/;301
https://www.bassin-aubenas.fr/intercommunalite/conseil-communautaire/deliberations-proces-verbaux/;/la-ccba-et-le-territoire/elus-et-conseil-communautaire/deliberations-et-proces-verbaux/;301
https://www.bassin-aubenas.fr/intercommunalite/conseil-communautaire/deliberations-proces-verbaux/2018/conseil-communautaire-du-11-avril-2018/;/la-ccba-et-le-territoire/elus-et-conseil-communautaire/deliberations-et-proces-verbaux/conseil-communautaire-du-11-avril-2018/;301
https://www.bassin-aubenas.fr/intercommunalite/conseil-communautaire/deliberations-proces-verbaux/2018/conseil-communautaire-du-12-juillet-2018/;/la-ccba-et-le-territoire/elus-et-conseil-communautaire/deliberations-et-proces-verbaux/conseil-communautaire-du-12-juillet-2018/;301
https://www.bassin-aubenas.fr/intercommunalite/conseil-communautaire/deliberations-proces-verbaux/2018/conseil-communautaire-du-27-septembre-2018/;/la-ccba-et-le-territoire/elus-et-conseil-communautaire/deliberations-et-proces-verbaux/conseil-communautaire-du-27-septembre-2018/;301
https://www.bassin-aubenas.fr/intercommunalite/conseil-communautaire/deliberations-proces-verbaux/2018/conseil-communautaire-du-29-mars-2018/;/la-ccba-et-le-territoire/elus-et-conseil-communautaire/deliberations-et-proces-verbaux/conseil-communautaire-du-29-mars-2018/;301
https://www.bassin-aubenas.fr/intercommunalite/conseil-communautaire/deliberations-proces-verbaux/2018/conseil-communautaire-du-29-novembre-2018/;/la-ccba-et-le-territoire/elus-et-conseil-communautaire/deliberations-et-proces-verbaux/conseil-communautaire-du-29-novembre-2018/;301
https://www.bassin-aubenas.fr/intercommunalite/conseil-communautaire/deliberations-proces-verbaux/2018/conseil-communautaire-du-8-fevrier-2018/;/la-ccba-et-le-territoire/elus-et-conseil-communautaire/deliberations-et-proces-verbaux/conseil-communautaire-du-8-fevrier-2018/;301
https://www.bassin-aubenas.fr/intercommunalite/conseil-communautaire/deliberations-proces-verbaux/2018/conseil-communautaire-du-9-novembre-2018/;/la-ccba-et-le-territoire/elus-et-conseil-communautaire/deliberations-et-proces-verbaux/conseil-communautaire-du-9-novembre-2018/;301
https://www.bassin-aubenas.fr/intercommunalite/conseil-communautaire/deliberations-proces-verbaux/2018/conseil-communautaire-du-jeudi-31-mai-2018/;/la-ccba-et-le-territoire/elus-et-conseil-communautaire/deliberations-et-proces-verbaux/conseil-communautaire-du-jeudi-31-mai-2018/;301
https://www.bassin-aubenas.fr/intercommunalite/conseil-communautaire/deliberations-proces-verbaux/2018/conseil-communautaire-du-mercredi-27-juin-2018/;/la-ccba-et-le-territoire/elus-et-conseil-communautaire/deliberations-et-proces-verbaux/conseil-communautaire-du-mercredi-27-juin-2018/;301
https://www.bassin-aubenas.fr/intercommunalite/conseil-communautaire/deliberations-proces-verbaux/2018/deliberations-du-conseil-communautaire-du-jeudi-13-decembre-2018/;/la-ccba-et-le-territoire/elus-et-conseil-communautaire/deliberations-et-proces-verbaux/deliberations-du-conseil-communautaire-du-jeudi-13-decembre-2018/;301
https://www.bassin-aubenas.fr/intercommunalite/conseil-communautaire/deliberations-proces-verbaux/2019/conseil-communautaire-du-11-avril-2019/;/la-ccba-et-le-territoire/elus-et-conseil-communautaire/deliberations-et-proces-verbaux/conseil-communautaire-du-11-avril-2019/;301
https://www.bassin-aubenas.fr/intercommunalite/conseil-communautaire/deliberations-proces-verbaux/2019/conseil-communautaire-du-17-decembre-2019/;/la-ccba-et-le-territoire/elus-et-conseil-communautaire/deliberations-et-proces-verbaux/conseil-communautaire-du-17-decembre-2019/;301
https://www.bassin-aubenas.fr/intercommunalite/conseil-communautaire/deliberations-proces-verbaux/2019/conseil-communautaire-du-22-octobre-2019/;/la-ccba-et-le-territoire/elus-et-conseil-communautaire/deliberations-et-proces-verbaux/conseil-communautaire-du-22-octobre-2019/;301
https://www.bassin-aubenas.fr/intercommunalite/conseil-communautaire/deliberations-proces-verbaux/2019/conseil-communautaire-du-28-mai-2019/;/la-ccba-et-le-territoire/elus-et-conseil-communautaire/deliberations-et-proces-verbaux/conseil-communautaire-du-28-mai-2019/;301
https://www.bassin-aubenas.fr/intercommunalite/conseil-communautaire/deliberations-proces-verbaux/2019/conseil-communautaire-du-28-mars-2019/;/la-ccba-et-le-territoire/elus-et-conseil-communautaire/deliberations-et-proces-verbaux/conseil-communautaire-du-28-mars-2019/;301
https://www.bassin-aubenas.fr/intercommunalite/conseil-communautaire/deliberations-proces-verbaux/2019/conseil-communautaire-du-7-fevrier-2019/;/la-ccba-et-le-territoire/elus-et-conseil-communautaire/deliberations-et-proces-verbaux/conseil-communautaire-du-7-fevrier-2019/;301
https://www.bassin-aubenas.fr/intercommunalite/conseil-communautaire/deliberations-proces-verbaux/2019/conseil-communautaire-du-9-juillet-2019/;/la-ccba-et-le-territoire/elus-et-conseil-communautaire/deliberations-et-proces-verbaux/conseil-communautaire-du-9-juillet-2019/;301
https://www.bassin-aubenas.fr/intercommunalite/conseil-communautaire/deliberations-proces-verbaux/2020/bonne-annee-2024/;/la-ccba-et-le-territoire/elus-et-conseil-communautaire/deliberations-et-proces-verbaux/bonne-annee-2024/;301
https://www.bassin-aubenas.fr/intercommunalite/conseil-communautaire/deliberations-proces-verbaux/2020/conseil-communautaire-du-10-decembre-2020/;/la-ccba-et-le-territoire/elus-et-conseil-communautaire/deliberations-et-proces-verbaux/conseil-communautaire-du-10-decembre-2020/;301
https://www.bassin-aubenas.fr/intercommunalite/conseil-communautaire/deliberations-proces-verbaux/2020/conseil-communautaire-du-15-juillet-2020/;/la-ccba-et-le-territoire/elus-et-conseil-communautaire/deliberations-et-proces-verbaux/conseil-communautaire-du-15-juillet-2020/;301
https://www.bassin-aubenas.fr/intercommunalite/conseil-communautaire/deliberations-proces-verbaux/2020/conseil-communautaire-du-18-juin-2020/;/la-ccba-et-le-territoire/elus-et-conseil-communautaire/deliberations-et-proces-verbaux/conseil-communautaire-du-18-juin-2020/;301
https://www.bassin-aubenas.fr/intercommunalite/conseil-communautaire/deliberations-proces-verbaux/2020/conseil-communautaire-du-20-fevrier-2020/;/la-ccba-et-le-territoire/elus-et-conseil-communautaire/deliberations-et-proces-verbaux/conseil-communautaire-du-20-fevrier-2020/;301
https://www.bassin-aubenas.fr/intercommunalite/conseil-communautaire/deliberations-proces-verbaux/2020/conseil-communautaire-du-23-juillet-2020/;/la-ccba-et-le-territoire/elus-et-conseil-communautaire/deliberations-et-proces-verbaux/conseil-communautaire-du-23-juillet-2020/;301
https://www.bassin-aubenas.fr/intercommunalite/conseil-communautaire/deliberations-proces-verbaux/2020/conseil-communautaire-du-30-juillet-2020/;/la-ccba-et-le-territoire/elus-et-conseil-communautaire/deliberations-et-proces-verbaux/conseil-communautaire-du-30-juillet-2020/;301
https://www.bassin-aubenas.fr/intercommunalite/conseil-communautaire/deliberations-proces-verbaux/2021/conseil-communautaire-du-03-mars-2021/;/la-ccba-et-le-territoire/elus-et-conseil-communautaire/deliberations-et-proces-verbaux/conseil-communautaire-du-03-mars-2021/;301
https://www.bassin-aubenas.fr/intercommunalite/conseil-communautaire/deliberations-proces-verbaux/2021/conseil-communautaire-du-13-avril-2021/;/la-ccba-et-le-territoire/elus-et-conseil-communautaire/deliberations-et-proces-verbaux/conseil-communautaire-du-13-avril-2021/;301
https://www.bassin-aubenas.fr/intercommunalite/conseil-communautaire/deliberations-proces-verbaux/2021/conseil-communautaire-du-14-janvier-2021/;/la-ccba-et-le-territoire/elus-et-conseil-communautaire/deliberations-et-proces-verbaux/conseil-communautaire-du-14-janvier-2021/;301
https://www.bassin-aubenas.fr/intercommunalite/conseil-communautaire/deliberations-proces-verbaux/2021/conseil-communautaire-du-23-mars-2021/;/la-ccba-et-le-territoire/elus-et-conseil-communautaire/deliberations-et-proces-verbaux/conseil-communautaire-du-23-mars-2021/;301
https://www.bassin-aubenas.fr/intercommunalite/conseil-communautaire/deliberations-proces-verbaux/2021/conseil-communautaire-du-27-mai-2021/;/la-ccba-et-le-territoire/elus-et-conseil-communautaire/deliberations-et-proces-verbaux/conseil-communautaire-du-27-mai-2021/;301
https://www.bassin-aubenas.fr/intercommunalite/conseil-communautaire/deliberations-proces-verbaux/2021/conseil-communautaire-du-28-septembre-2021/;/la-ccba-et-le-territoire/elus-et-conseil-communautaire/deliberations-et-proces-verbaux/conseil-communautaire-du-28-septembre-2021/;301
https://www.bassin-aubenas.fr/intercommunalite/conseil-communautaire/deliberations-proces-verbaux/2021/conseil-communautaire-du-4-novembre-2021/;/la-ccba-et-le-territoire/elus-et-conseil-communautaire/deliberations-et-proces-verbaux/conseil-communautaire-du-4-novembre-2021/;301
https://www.bassin-aubenas.fr/intercommunalite/conseil-communautaire/deliberations-proces-verbaux/2021/conseil-communautaire-du-7-decembre-2021/;/la-ccba-et-le-territoire/elus-et-conseil-communautaire/deliberations-et-proces-verbaux/conseil-communautaire-du-7-decembre-2021/;301
https://www.bassin-aubenas.fr/intercommunalite/conseil-communautaire/deliberations-proces-verbaux/2022/conseil-communautaire-du-05-juillet-2022-deliberations-publiees-le-11-07-2022/;/la-ccba-et-le-territoire/elus-et-conseil-communautaire/deliberations-et-proces-verbaux/conseil-communautaire-du-05-juillet-2022-deliberations-publiees-le-11/;301
https://www.bassin-aubenas.fr/intercommunalite/conseil-communautaire/deliberations-proces-verbaux/2022/conseil-communautaire-du-11-avril-2022/;/la-ccba-et-le-territoire/elus-et-conseil-communautaire/deliberations-et-proces-verbaux/conseil-communautaire-du-11-avril-2022/;301
https://www.bassin-aubenas.fr/intercommunalite/conseil-communautaire/deliberations-proces-verbaux/2022/conseil-communautaire-du-13-septembre-2022-deliberations-publiees-le-19-09-2022/;/la-ccba-et-le-territoire/elus-et-conseil-communautaire/deliberations-et-proces-verbaux/conseil-communautaire-du-13-septembre-2022-deliberations-publiees-le-1/;301
https://www.bassin-aubenas.fr/intercommunalite/conseil-communautaire/deliberations-proces-verbaux/2022/conseil-communautaire-du-31-mai-2022/;/la-ccba-et-le-territoire/elus-et-conseil-communautaire/deliberations-et-proces-verbaux/conseil-communautaire-du-31-mai-2022/;301
https://www.bassin-aubenas.fr/intercommunalite/conseil-communautaire/deliberations-proces-verbaux/2022/conseil-communautaire-du-8-fevrier-2022/;/la-ccba-et-le-territoire/elus-et-conseil-communautaire/deliberations-et-proces-verbaux/conseil-communautaire-du-8-fevrier-2022/;301
https://www.bassin-aubenas.fr/intercommunalite/conseil-communautaire/deliberations-proces-verbaux/2022/proces-verbal-du-conseil-communautaire-du-13-septembre-2022/;/la-ccba-et-le-territoire/elus-et-conseil-communautaire/deliberations-et-proces-verbaux/proces-verbal-du-conseil-communautaire-du-13-septembre-2022/;301
https://www.bassin-aubenas.fr/intercommunalite/conseil-communautaire/deliberations-proces-verbaux/2022/proces-verbal-du-conseil-communautaire-du-8-novembre-2022/;/la-ccba-et-le-territoire/elus-et-conseil-communautaire/deliberations-et-proces-verbaux/proces-verbal-du-conseil-communautaire-du-8-novembre-2022/;301
https://www.bassin-aubenas.fr/intercommunalite/conseil-communautaire/deliberations-proces-verbaux/2023/conseil-communautaire-du-13-juin-2023-deliberations-publiees-le-21-juin-2023/;/la-ccba-et-le-territoire/elus-et-conseil-communautaire/deliberations-et-proces-verbaux/conseil-communautaire-du-13-juin-2023-deliberations-publiees-le-21-jui/;301
https://www.bassin-aubenas.fr/intercommunalite/conseil-communautaire/deliberations-proces-verbaux/2023/conseil-communautaire-du-14-mars-2023-deliberations-publiees-le-22-mars-2023/;/la-ccba-et-le-territoire/elus-et-conseil-communautaire/deliberations-et-proces-verbaux/conseil-communautaire-du-14-mars-2023-deliberations-publiees-le-22-mar/;301
https://www.bassin-aubenas.fr/intercommunalite/conseil-communautaire/deliberations-proces-verbaux/2023/conseil-communautaire-du-19-decembre-2023-deliberations-publiees-le-26-decembre-2023/;/la-ccba-et-le-territoire/elus-et-conseil-communautaire/deliberations-et-proces-verbaux/conseil-communautaire-du-19-decembre-2023-deliberations-publiees-le-26/;301
https://www.bassin-aubenas.fr/intercommunalite/conseil-communautaire/deliberations-proces-verbaux/2023/conseil-communautaire-du-5-avril-2023-deliberations-publiees-le/;/la-ccba-et-le-territoire/elus-et-conseil-communautaire/deliberations-et-proces-verbaux/conseil-communautaire-du-5-avril-2023-deliberations-publiees-le/;301
https://www.bassin-aubenas.fr/intercommunalite/conseil-communautaire/deliberations-proces-verbaux/2023/proces-verbal-du-conseil-communautaire-du-5-avril-2023/;/la-ccba-et-le-territoire/elus-et-conseil-communautaire/deliberations-et-proces-verbaux/proces-verbal-du-conseil-communautaire-du-5-avril-2023/;301
https://www.bassin-aubenas.fr/intercommunalite/conseil-communautaire/deliberations-proces-verbaux/2024/12005/;/la-ccba-et-le-territoire/elus-et-conseil-communautaire/deliberations-et-proces-verbaux/12005/;301
https://www.bassin-aubenas.fr/intercommunalite/conseil-communautaire/deliberations-proces-verbaux/2024/conseil-communautaire-du-12-mars-2024-deliberations-publiees-le-18-mars-2024/;/la-ccba-et-le-territoire/elus-et-conseil-communautaire/deliberations-et-proces-verbaux/conseil-communautaire-du-12-mars-2024-deliberations-publiees-le-18-mar/;301
https://www.bassin-aubenas.fr/intercommunalite/conseil-communautaire/deliberations-proces-verbaux/2024/conseil-communautaire-du-24-septembre-2024-deliberations-publiees-le-27-septembre-2024/;/la-ccba-et-le-territoire/elus-et-conseil-communautaire/deliberations-et-proces-verbaux/conseil-communautaire-du-24-septembre-2024-deliberations-publiees-le-2/;301
https://www.bassin-aubenas.fr/intercommunalite/conseil-communautaire/deliberations-proces-verbaux/2024/liste-des-deliberations-conseil-communautaire-du-24-septembre-2024/;/la-ccba-et-le-territoire/elus-et-conseil-communautaire/deliberations-et-proces-verbaux/liste-des-deliberations-conseil-communautaire-du-24-septembre-2024/;301
https://www.bassin-aubenas.fr/intercommunalite/conseil-communautaire/deliberations-proces-verbaux/2024/liste-des-deliberations-du-conseil-communautaire-10-decembre-2024/;/la-ccba-et-le-territoire/elus-et-conseil-communautaire/deliberations-et-proces-verbaux/liste-des-deliberations-du-conseil-communautaire-10-decembre-2024/;301
https://www.bassin-aubenas.fr/intercommunalite/conseil-communautaire/deliberations-proces-verbaux/2024/proces-verbal-conseil-communautaire-du-10-decembre-2024/;/la-ccba-et-le-territoire/elus-et-conseil-communautaire/deliberations-et-proces-verbaux/proces-verbal-conseil-communautaire-du-10-decembre-2024/;301
https://www.bassin-aubenas.fr/intercommunalite/conseil-communautaire/deliberations-proces-verbaux/2024/proces-verbal-conseil-communautaire-du-24-septembre-2024/;/la-ccba-et-le-territoire/elus-et-conseil-communautaire/deliberations-et-proces-verbaux/proces-verbal-conseil-communautaire-du-24-septembre-2024/;301
https://www.bassin-aubenas.fr/intercommunalite/conseil-communautaire/deliberations-proces-verbaux/2025/conseil-communautaire-du-06-novembre-2025-deliberations-publiees-le-20-novembre-2025/;/la-ccba-et-le-territoire/elus-et-conseil-communautaire/deliberations-et-proces-verbaux/conseil-communautaire-du-06-novembre-2025-deliberations-publiees-le-20/;301
https://www.bassin-aubenas.fr/intercommunalite/conseil-communautaire/deliberations-proces-verbaux/2025/conseil-communautaire-du-11-mars-2025-deliberations-publiees-le-13-mars-2025/;/la-ccba-et-le-territoire/elus-et-conseil-communautaire/deliberations-et-proces-verbaux/conseil-communautaire-du-11-mars-2025-deliberations-publiees-le-13-mar/;301
https://www.bassin-aubenas.fr/intercommunalite/conseil-communautaire/deliberations-proces-verbaux/2025/conseil-communautaire-du-16-decembre-2025-deliberations-publiees-le-23-decembre-2025/;/la-ccba-et-le-territoire/elus-et-conseil-communautaire/deliberations-et-proces-verbaux/conseil-communautaire-du-16-decembre-2025-deliberations-publiees-le-23/;301
https://www.bassin-aubenas.fr/intercommunalite/conseil-communautaire/deliberations-proces-verbaux/2025/conseil-communautaire-du-23-septembre-2025-deliberations-publiees-le-06-octobre-2025/;/la-ccba-et-le-territoire/elus-et-conseil-communautaire/deliberations-et-proces-verbaux/conseil-communautaire-du-23-septembre-2025-deliberations-publiees-le-0/;301
https://www.bassin-aubenas.fr/intercommunalite/conseil-communautaire/deliberations-proces-verbaux/2025/conseil-communautaire-du-24-juin-2025-deliberations-publiees-le-26-juin-2025/;/la-ccba-et-le-territoire/elus-et-conseil-communautaire/deliberations-et-proces-verbaux/conseil-communautaire-du-24-juin-2025-deliberations-publiees-le-26-jui/;301
https://www.bassin-aubenas.fr/intercommunalite/conseil-communautaire/deliberations-proces-verbaux/2025/conseil-communautaire-du-8-avril-2025-deliberations-publiees-le-10-avril-2025/;/la-ccba-et-le-territoire/elus-et-conseil-communautaire/deliberations-et-proces-verbaux/conseil-communautaire-du-8-avril-2025-deliberations-publiees-le-10-avr/;301
https://www.bassin-aubenas.fr/intercommunalite/conseil-communautaire/deliberations-proces-verbaux/2025/liste-des-deliberations-du-conseil-communautaire-du-06-novembre-2025/;/la-ccba-et-le-territoire/elus-et-conseil-communautaire/deliberations-et-proces-verbaux/liste-des-deliberations-du-conseil-communautaire-du-06-novembre-2025/;301
https://www.bassin-aubenas.fr/intercommunalite/conseil-communautaire/deliberations-proces-verbaux/2025/liste-des-deliberations-du-conseil-communautaire-du-08-avril-2025/;/la-ccba-et-le-territoire/elus-et-conseil-communautaire/deliberations-et-proces-verbaux/liste-des-deliberations-du-conseil-communautaire-du-08-avril-2025/;301
https://www.bassin-aubenas.fr/intercommunalite/conseil-communautaire/deliberations-proces-verbaux/2025/liste-des-deliberations-du-conseil-communautaire-du-16-decembre-2025/;/la-ccba-et-le-territoire/elus-et-conseil-communautaire/deliberations-et-proces-verbaux/liste-des-deliberations-du-conseil-communautaire-du-16-decembre-2025/;301
https://www.bassin-aubenas.fr/intercommunalite/conseil-communautaire/deliberations-proces-verbaux/2025/liste-des-deliberations-du-conseil-communautaire-du-23-septembre-2025/;/la-ccba-et-le-territoire/elus-et-conseil-communautaire/deliberations-et-proces-verbaux/liste-des-deliberations-du-conseil-communautaire-du-23-septembre-2025/;301
https://www.bassin-aubenas.fr/intercommunalite/conseil-communautaire/deliberations-proces-verbaux/2025/liste-des-deliberations-du-conseil-communautaire-du-24-juin-2025/;/la-ccba-et-le-territoire/elus-et-conseil-communautaire/deliberations-et-proces-verbaux/liste-des-deliberations-du-conseil-communautaire-du-24-juin-2025/;301
https://www.bassin-aubenas.fr/intercommunalite/conseil-communautaire/deliberations-proces-verbaux/2025/liste-des-deliberations-du-conseil-communautairedu-11-mars-2025/;/la-ccba-et-le-territoire/elus-et-conseil-communautaire/deliberations-et-proces-verbaux/liste-des-deliberations-du-conseil-communautairedu-11-mars-2025/;301
https://www.bassin-aubenas.fr/intercommunalite/conseil-communautaire/deliberations-proces-verbaux/2025/proces-verbal-conseil-communautaire-du-11-mars-2025/;/la-ccba-et-le-territoire/elus-et-conseil-communautaire/deliberations-et-proces-verbaux/proces-verbal-conseil-communautaire-du-11-mars-2025/;301
https://www.bassin-aubenas.fr/intercommunalite/conseil-communautaire/deliberations-proces-verbaux/2025/proces-verbal-conseil-communautaire-du-23-septembre-2025/;/la-ccba-et-le-territoire/elus-et-conseil-communautaire/deliberations-et-proces-verbaux/proces-verbal-conseil-communautaire-du-23-septembre-2025/;301
https://www.bassin-aubenas.fr/intercommunalite/conseil-communautaire/deliberations-proces-verbaux/2025/proces-verbal-conseil-communautaire-du-24-juin-2025/;/la-ccba-et-le-territoire/elus-et-conseil-communautaire/deliberations-et-proces-verbaux/proces-verbal-conseil-communautaire-du-24-juin-2025/;301
https://www.bassin-aubenas.fr/intercommunalite/conseil-communautaire/deliberations-proces-verbaux/2025/proces-verbal-conseil-communautaire-du-8-avril-2025/;/la-ccba-et-le-territoire/elus-et-conseil-communautaire/deliberations-et-proces-verbaux/proces-verbal-conseil-communautaire-du-8-avril-2025/;301
https://www.bassin-aubenas.fr/intercommunalite/conseil-communautaire/deliberations/;/la-ccba-et-le-territoire/elus-et-conseil-communautaire/deliberations-et-proces-verbaux/;301
https://www.bassin-aubenas.fr/intercommunalite/conseil-communautaire/fonctionnement/;/la-ccba-et-le-territoire/elus-et-conseil-communautaire/fonctionnement-du-conseil/;301
https://www.bassin-aubenas.fr/intercommunalite/institution/competences-2/;/la-ccba-et-le-territoire/la-communaute-de-communes/competences/;301
https://www.bassin-aubenas.fr/intercommunalite/institution/les-statuts/;/la-ccba-et-le-territoire/la-communaute-de-communes/statuts/;301
https://www.bassin-aubenas.fr/intercommunalite/pour-aller-plus-loin/conseil-local-de-developpement/;/la-ccba-et-le-territoire/participation-citoyenne/conseil-local-de-developpement/;301
https://www.bassin-aubenas.fr/intercommunalite/pour-aller-plus-loin/le-projet-de-territoire/;/la-ccba-et-le-territoire/projet-de-territoire/;301
https://www.bassin-aubenas.fr/intercommunalite/pour-aller-plus-loin/nos-publications/;/la-ccba-et-le-territoire/documents-publics/publications/;301
https://www.bassin-aubenas.fr/intercommunalite/pour-aller-plus-loin/votre-avis-nous-interesse/;/la-ccba-et-le-territoire/participation-citoyenne/donnez-votre-avis/;301
https://www.bassin-aubenas.fr/intercommunalite/projet-de-territoire/action-publique/;/la-ccba-et-le-territoire/projet-de-territoire/action-publique/;301
https://www.bassin-aubenas.fr/intercommunalite/projet-de-territoire/attractivite-et-developpement/;/la-ccba-et-le-territoire/projet-de-territoire/attractivite-et-developpement/;301
https://www.bassin-aubenas.fr/intercommunalite/projet-de-territoire/environnement/;/la-ccba-et-le-territoire/projet-de-territoire/environnement-et-energie/;301
https://www.bassin-aubenas.fr/intercommunalite/projet-de-territoire/le-territoire/;/la-ccba-et-le-territoire/projet-de-territoire/promotion-du-territoire/;301
https://www.bassin-aubenas.fr/intercommunalite/projet-de-territoire/services-et-equipements/;/la-ccba-et-le-territoire/projet-de-territoire/services-et-equipements/;301
https://www.bassin-aubenas.fr/intercommunalite/projet-de-territoire/tissu-economique/;/la-ccba-et-le-territoire/projet-de-territoire/economie/;301
https://www.bassin-aubenas.fr/intercommunalite/projet-de-territoire/tourisme/;/la-ccba-et-le-territoire/projet-de-territoire/tourisme-et-loisirs/;301
https://www.bassin-aubenas.fr/intercommunalite/territoire/28-communes/;/la-ccba-et-le-territoire/le-territoire/nos-28-communes/;301
https://www.bassin-aubenas.fr/intercommunalite/territoire/28-communes/ailhon/;/la-ccba-et-le-territoire/le-territoire/nos-28-communes/ailhon/;301
https://www.bassin-aubenas.fr/intercommunalite/territoire/28-communes/aizac/;/la-ccba-et-le-territoire/le-territoire/nos-28-communes/aizac/;301
https://www.bassin-aubenas.fr/intercommunalite/territoire/28-communes/aubenas/;/la-ccba-et-le-territoire/le-territoire/nos-28-communes/aubenas/;301
https://www.bassin-aubenas.fr/intercommunalite/territoire/28-communes/fons/;/la-ccba-et-le-territoire/le-territoire/nos-28-communes/fons/;301
https://www.bassin-aubenas.fr/intercommunalite/territoire/28-communes/genestelle/;/la-ccba-et-le-territoire/le-territoire/nos-28-communes/genestelle/;301
https://www.bassin-aubenas.fr/intercommunalite/territoire/28-communes/juvinas/;/la-ccba-et-le-territoire/le-territoire/nos-28-communes/juvinas/;301
https://www.bassin-aubenas.fr/intercommunalite/territoire/28-communes/labastide/;/la-ccba-et-le-territoire/le-territoire/nos-28-communes/labastide-sur-besorgues/;301
https://www.bassin-aubenas.fr/intercommunalite/territoire/28-communes/labegude/;/la-ccba-et-le-territoire/le-territoire/nos-28-communes/labegude/;301
https://www.bassin-aubenas.fr/intercommunalite/territoire/28-communes/lachapelle-sous-aubenas/;/la-ccba-et-le-territoire/le-territoire/nos-28-communes/lachapelle-sous-aubenas/;301
https://www.bassin-aubenas.fr/intercommunalite/territoire/28-communes/lavilledieu/;/la-ccba-et-le-territoire/le-territoire/nos-28-communes/lavilledieu/;301
https://www.bassin-aubenas.fr/intercommunalite/territoire/28-communes/laviolle/;/la-ccba-et-le-territoire/le-territoire/nos-28-communes/laviolle/;301
https://www.bassin-aubenas.fr/intercommunalite/territoire/28-communes/lentilleres/;/la-ccba-et-le-territoire/le-territoire/nos-28-communes/lentilleres/;301
https://www.bassin-aubenas.fr/intercommunalite/territoire/28-communes/mercuer/;/la-ccba-et-le-territoire/le-territoire/nos-28-communes/mercuer/;301
https://www.bassin-aubenas.fr/intercommunalite/territoire/28-communes/mezilhac/;/la-ccba-et-le-territoire/le-territoire/nos-28-communes/mezilhac/;301
https://www.bassin-aubenas.fr/intercommunalite/territoire/28-communes/saint-andeol-de-vals/;/la-ccba-et-le-territoire/le-territoire/nos-28-communes/saint-andeol-de-vals/;301
https://www.bassin-aubenas.fr/intercommunalite/territoire/28-communes/saint-didier-sous-aubenas/;/la-ccba-et-le-territoire/le-territoire/nos-28-communes/saint-didier-sous-aubenas/;301
https://www.bassin-aubenas.fr/intercommunalite/territoire/28-communes/saint-etienne-de-boulogne/;/la-ccba-et-le-territoire/le-territoire/nos-28-communes/saint-etienne-de-boulogne/;301
https://www.bassin-aubenas.fr/intercommunalite/territoire/28-communes/saint-etienne-de-fontbellon/;/la-ccba-et-le-territoire/le-territoire/nos-28-communes/saint-etienne-de-fontbellon/;301
https://www.bassin-aubenas.fr/intercommunalite/territoire/28-communes/saint-joseph-des-bancs/;/la-ccba-et-le-territoire/le-territoire/nos-28-communes/saint-joseph-des-bancs/;301
https://www.bassin-aubenas.fr/intercommunalite/territoire/28-communes/saint-julien-du-serre/;/la-ccba-et-le-territoire/le-territoire/nos-28-communes/saint-julien-du-serre/;301
https://www.bassin-aubenas.fr/intercommunalite/territoire/28-communes/saint-michel-de-boulogne/;/la-ccba-et-le-territoire/le-territoire/nos-28-communes/saint-michel-de-boulogne/;301
https://www.bassin-aubenas.fr/intercommunalite/territoire/28-communes/saint-privat/;/la-ccba-et-le-territoire/le-territoire/nos-28-communes/saint-privat/;301
https://www.bassin-aubenas.fr/intercommunalite/territoire/28-communes/saint-sernin/;/la-ccba-et-le-territoire/le-territoire/nos-28-communes/saint-sernin/;301
https://www.bassin-aubenas.fr/intercommunalite/territoire/28-communes/ucel/;/la-ccba-et-le-territoire/le-territoire/nos-28-communes/ucel/;301
https://www.bassin-aubenas.fr/intercommunalite/territoire/28-communes/vallees-dantraigues-asperjoc/;/la-ccba-et-le-territoire/le-territoire/nos-28-communes/vallees-d-antraigues-asperjoc/;301
https://www.bassin-aubenas.fr/intercommunalite/territoire/28-communes/vals-les-bains/;/la-ccba-et-le-territoire/le-territoire/nos-28-communes/vals-les-bains/;301
https://www.bassin-aubenas.fr/intercommunalite/territoire/28-communes/vesseaux/;/la-ccba-et-le-territoire/le-territoire/nos-28-communes/vesseaux/;301
https://www.bassin-aubenas.fr/intercommunalite/territoire/28-communes/vinezac/;/la-ccba-et-le-territoire/le-territoire/nos-28-communes/vinezac/;301
https://www.bassin-aubenas.fr/intercommunalite/territoire/un-territoire-attractif/;/la-ccba-et-le-territoire/le-territoire/presentation-du-territoire/;301
https://www.bassin-aubenas.fr/intercommunalite/vos-elus-communautaires-3/;/la-ccba-et-le-territoire/elus-et-conseil-communautaire/vos-elus/;301
https://www.bassin-aubenas.fr/loisirs/nos-manifestations/soutenues-par-la-ccba/ardeche-run/;/culture-sport-loisirs/evenements-et-manifestations/ardeche-run/;301
https://www.bassin-aubenas.fr/loisirs/offre-culturelle/centre-le-bournot/;/culture-sport-loisirs/culture/centre-le-bournot/;301
https://www.bassin-aubenas.fr/loisirs/offre-culturelle/mediatheque-intercommunale-jean-ferrat/;/culture-sport-loisirs/culture/;301
https://www.bassin-aubenas.fr/loisirs/offre-culturelle/theatre-de-vals-les-bains/;/culture-sport-loisirs/culture/theatre-de-vals-les-bains/;301
https://www.bassin-aubenas.fr/loisirs/offre-sportive/aire-sports-loisirs/;/culture-sport-loisirs/sport/aire-de-sports-et-de-loisirs-intercommunale-amandine-leynaud/;301
https://www.bassin-aubenas.fr/loisirs/offre-sportive/centre-aquatique-lhippocampe/;/culture-sport-loisirs/sport/centre-aquatique-l-hippocampe/;301
https://www.bassin-aubenas.fr/loisirs/offre-sportive/randonnees/;/culture-sport-loisirs/randonnees/;301
https://www.bassin-aubenas.fr/loisirs/offre-sportive/voie-verte/;/habitat-urbanisme-mobilite/mobilite/voies-douces/;301
https://www.bassin-aubenas.fr/loisirs/offre-sportive/vtt/;/culture-sport-loisirs/sport/vtt/;301
https://www.bassin-aubenas.fr/membres-conseil-local-de-developpement/acces-membres-conseil-local-de-developpement/;/contenus/acces-membres-conseil-local-de-developpement/;301
https://www.bassin-aubenas.fr/mentions-legales/;/mentions-legales/;301
https://www.bassin-aubenas.fr/non-classe/aires-de-sport-et-loisir/;/actualites/aires-de-sport-et-loisir/;301
https://www.bassin-aubenas.fr/non-classe/ateliers-prevention-sante-pour-les-seniors/;/actualites/ateliers-prevention-sante-pour-les-seniors/;301
https://www.bassin-aubenas.fr/non-classe/conseil-communautaire-du-08-decembre-2022-deliberations-publiees-le-14-12-2022/;/la-ccba-et-le-territoire/elus-et-conseil-communautaire/deliberations-et-proces-verbaux/conseil-communautaire-du-08-decembre-2022-deliberations-publiees-le-14/;301
https://www.bassin-aubenas.fr/non-classe/conseil-communautaire-du-08-novembre-2022-deliberations-publiees-le-14-11-2022/;/la-ccba-et-le-territoire/elus-et-conseil-communautaire/deliberations-et-proces-verbaux/conseil-communautaire-du-08-novembre-2022-deliberations-publiees-le-14/;301
https://www.bassin-aubenas.fr/non-classe/conseil-communautaire-du-09-avril-2024-deliberations-publiees-le-16-avril-2024/;/la-ccba-et-le-territoire/elus-et-conseil-communautaire/deliberations-et-proces-verbaux/conseil-communautaire-du-09-avril-2024-deliberations-publiees-le-16-av/;301
https://www.bassin-aubenas.fr/non-classe/conseil-communautaire-du-11-juin-2024-deliberations-publiees-le-18-juin-2024/;/la-ccba-et-le-territoire/elus-et-conseil-communautaire/deliberations-et-proces-verbaux/conseil-communautaire-du-11-juin-2024-deliberations-publiees-le-18-jui/;301
https://www.bassin-aubenas.fr/non-classe/conseil-communautaire-du-12-decembre-2023-deliberations-publiees-le-19-decembre-2023/;/la-ccba-et-le-territoire/elus-et-conseil-communautaire/deliberations-et-proces-verbaux/conseil-communautaire-du-12-decembre-2023-deliberations-publiees-le-19/;301
https://www.bassin-aubenas.fr/non-classe/conseil-communautaire-du-15-mars-2022/;/la-ccba-et-le-territoire/elus-et-conseil-communautaire/deliberations-et-proces-verbaux/conseil-communautaire-du-15-mars-2022/;301
https://www.bassin-aubenas.fr/non-classe/conseil-communautaire-du-24-septembre-2020/;/la-ccba-et-le-territoire/elus-et-conseil-communautaire/deliberations-et-proces-verbaux/conseil-communautaire-du-24-septembre-2020/;301
https://www.bassin-aubenas.fr/non-classe/conseil-communautaire-du-26-septembre-2023-deliberations-publiees-le-3-octobre-2023/;/la-ccba-et-le-territoire/elus-et-conseil-communautaire/deliberations-et-proces-verbaux/conseil-communautaire-du-26-septembre-2023-deliberations-publiees-le-3/;301
https://www.bassin-aubenas.fr/non-classe/conseil-communautaire-du-29-juin-2021-2/;/la-ccba-et-le-territoire/elus-et-conseil-communautaire/deliberations-et-proces-verbaux/conseil-communautaire-du-29-juin-2021-2/;301
https://www.bassin-aubenas.fr/non-classe/conseil-communautaire-du-4-novembre-2020/;/la-ccba-et-le-territoire/elus-et-conseil-communautaire/deliberations-et-proces-verbaux/conseil-communautaire-du-4-novembre-2020/;301
https://www.bassin-aubenas.fr/non-classe/conseil-local-de-developpement-espace-dechange/;/actualites/conseil-local-de-developpement-espace-dechange/;301
https://www.bassin-aubenas.fr/non-classe/creches-les-ptits-loups/;/actualites/creches-les-ptits-loups/;301
https://www.bassin-aubenas.fr/non-classe/decisions-du-president/;/actualites/decisions-du-president/;301
https://www.bassin-aubenas.fr/non-classe/liste-des-deliberations-conseil-communautaire-du-08-novembre-2022/;/actualites/liste-des-deliberations-conseil-communautaire-du-08-novembre-2022/;301
https://www.bassin-aubenas.fr/non-classe/liste-des-deliberations-conseil-communautaire-du-12-decembre-2023/;/actualites/liste-des-deliberations-conseil-communautaire-du-12-decembre-2023/;301
https://www.bassin-aubenas.fr/non-classe/relais-dacces-au-droit-economique/;/actualites/relais-dacces-au-droit-economique/;301
https://www.bassin-aubenas.fr/non-classe/x/;/actualites/x/;301
https://www.bassin-aubenas.fr/services/assainissement-non-collectif/contact-et-informations-utiles/;/services-demarches/assainissement-non-collectif/informations-pratiques/;301
https://www.bassin-aubenas.fr/services/assainissement-non-collectif/pourquoi-faire-appel-au-spanc/;/services-demarches/assainissement-non-collectif/prestations-et-controles/;301
https://www.bassin-aubenas.fr/services/collecte-des-dechets/collecte-pour-les-professionnels/;/services-demarches/dechets-et-proprete/redevance-speciale/;301
https://www.bassin-aubenas.fr/services/collecte-des-dechets/consignes-de-tri/;/services-demarches/dechets-et-proprete/tri-et-dechets-recyclables/;301
https://www.bassin-aubenas.fr/services/collecte-des-dechets/les-dechets-menagers-non-recyclables/;/services-demarches/dechets-et-proprete/ordures-menageres/;301
https://www.bassin-aubenas.fr/services/collecte-des-dechets/les-jours-de-collecte-sur-votre-commune/;/services-demarches/dechets-et-proprete/jours-de-collecte/;301
https://www.bassin-aubenas.fr/services/collecte-des-dechets/planning-des-encombrants/;/services-demarches/dechets-et-proprete/encombrants/;301
https://www.bassin-aubenas.fr/services/collecte-des-dechets/rapports-dactivites/;/environnement-transition/prevention-des-dechets/rapports-dactivites/;301
https://www.bassin-aubenas.fr/services/collecte-des-dechets/vos-supers-pouvoirs/;/environnement-transition/prevention-des-dechets/vos-supers-pouvoirs/;301
https://www.bassin-aubenas.fr/services/enfance-jeunesse/alsh/;/enfance-jeunesse-seniors/enfance-et-jeunesse/centres-de-loisirs-du-territoire/;301
https://www.bassin-aubenas.fr/services/enfance-jeunesse/ecoles/;/enfance-jeunesse-seniors/enfance-et-jeunesse/ecoles/;301
https://www.bassin-aubenas.fr/services/enfance-jeunesse/point-information-jeunesse-itinerant/;/enfance-jeunesse-seniors/enfance-et-jeunesse/service-information-jeunesse-itinerant/;301
https://www.bassin-aubenas.fr/services/enfance-jeunesse/stages-multisports/;/enfance-jeunesse-seniors/enfance-et-jeunesse/stages-multisports/;301
https://www.bassin-aubenas.fr/services/france-services-un-service-de-la-communaute-de-communes/;/services-demarches/france-services/;301
https://www.bassin-aubenas.fr/services/habitat-logement/gens-du-voyage/gens-du-voyage/;/habitat-urbanisme-mobilite/habitat-et-logement/aire-d-accueil-des-gens-du-voyage/;301
https://www.bassin-aubenas.fr/services/habitat-logement/les-aides-en-matiere-dhabitat/acheter-investir-dans-un-logement-a-renover/;/habitat-urbanisme-mobilite/habitat-et-logement/acheter-ou-renover-un-logement/;301
https://www.bassin-aubenas.fr/services/habitat-logement/les-aides-en-matiere-dhabitat/lintervention-sur-le-bati-ancien-une-opah-ru-pour-5-ans/;/habitat-urbanisme-mobilite/habitat-et-logement/aides-pour-ameliorer-son-logement/;301
https://www.bassin-aubenas.fr/services/habitat-logement/les-aides-en-matiere-dhabitat/lutte-contre-lhabitat-indigne-et-degrade/;/habitat-urbanisme-mobilite/habitat-et-logement/habitat-indigne-et-degrade/;301
https://www.bassin-aubenas.fr/services/habitat-logement/les-interlocuteurs-qui-peuvent-vous-aider/les-interlocuteurs-qui-peuvent-vous-aider/;/habitat-urbanisme-mobilite/habitat-et-logement/contacts-et-accompagnement/les-interlocuteurs-qui-peuvent-vous-aider/;301
https://www.bassin-aubenas.fr/services/habitat-logement/politique-de-la-ville/contrat-de-ville-2015-2020-les-quartiers-davenir-daubenas/;/habitat-urbanisme-mobilite/habitat-et-logement/politique-de-la-ville/contrat-de-ville-2015-2020-les-quartiers-davenir-daubenas/;301
https://www.bassin-aubenas.fr/services/habitat-logement/politique-de-lhabitat-intercommunale/le-programme-local-de-lhabitat/;/habitat-urbanisme-mobilite/habitat-et-logement/programme-local-de-l-habitat/;301
https://www.bassin-aubenas.fr/services/habitat-logement/politique-de-lhabitat-intercommunale/les-reglements-financiers-du-plh/;/habitat-urbanisme-mobilite/habitat-et-logement/reglements-financiers-du-plh/;301
https://www.bassin-aubenas.fr/services/habitat-logement/se-loger/faire-construire/;/habitat-urbanisme-mobilite/urbanisme/autorisations-d-urbanisme/;301
https://www.bassin-aubenas.fr/services/habitat-logement/se-loger/garantir-son-loyer/;/habitat-urbanisme-mobilite/habitat-et-logement/garantir-son-loyer/;301
https://www.bassin-aubenas.fr/services/habitat-logement/se-loger/logement-social/;/habitat-urbanisme-mobilite/habitat-et-logement/logement-social/;301
https://www.bassin-aubenas.fr/services/habitat-logement/se-loger/logements-jeunes/;/habitat-urbanisme-mobilite/habitat-et-logement/logement-des-jeunes/;301
https://www.bassin-aubenas.fr/services/mobilite/covoiturage/;/habitat-urbanisme-mobilite/mobilite/covoiturage/;301
https://www.bassin-aubenas.fr/services/mobilite/mobilite/;/habitat-urbanisme-mobilite/mobilite/mobilite/;301
https://www.bassin-aubenas.fr/services/mobilite/tad/;/habitat-urbanisme-mobilite/mobilite/transport-a-la-demande-tad/;301
https://www.bassin-aubenas.fr/services/mobilite/toutenbus/;/habitat-urbanisme-mobilite/mobilite/tout-enbus/;301
https://www.bassin-aubenas.fr/services/petite-enfance/creches/;/enfance-jeunesse-seniors/petite-enfance/creches-multi-accueils/;301
https://www.bassin-aubenas.fr/services/petite-enfance/le-piape/;/enfance-jeunesse-seniors/petite-enfance/pole-info-accueil-petite-enfance/;301
https://www.bassin-aubenas.fr/services/petite-enfance/lieu-daccueil-parents-enfants-laep/;/enfance-jeunesse-seniors/petite-enfance/lieu-d-accueil-parents-enfants-laep/;301
https://www.bassin-aubenas.fr/services/petite-enfance/relais-assistantes-maternelles/;/enfance-jeunesse-seniors/petite-enfance/relais-petite-enfance/;301
https://www.bassin-aubenas.fr/services/rapports-dactivite/;/services-demarches/assainissement-non-collectif/rapports-d-activite/;301
https://www.bassin-aubenas.fr/services/seniors/le-pole-seniors/;/enfance-jeunesse-seniors/seniors/pole-seniors/;301
https://www.bassin-aubenas.fr/services/seniors/semaine-bleue/;/enfance-jeunesse-seniors/seniors/semaine-bleue/;301
https://www.bassin-aubenas.fr/services/urba/autorisations/dau/;/habitat-urbanisme-mobilite/urbanisme/autorisations-d-urbanisme/;301
https://www.bassin-aubenas.fr/services/urba/autorisations/droit-du-sol/;/habitat-urbanisme-mobilite/urbanisme/service-ads/;301
https://www.bassin-aubenas.fr/services/urba/documents-urbanisme/etat-des-procedures-durbanisme-ccba/;/habitat-urbanisme-mobilite/urbanisme/etat-des-procedures-d-urbanisme/;301
https://www.bassin-aubenas.fr/services/urba/le-scot/;/habitat-urbanisme-mobilite/urbanisme/scot/;301
https://www.bassin-aubenas.fr/services/urbanisme/;/habitat-urbanisme-mobilite/urbanisme/;301
https://www.bassin-aubenas.fr/services/voirie/documents-utiles/;/services-demarches/voirie/documents-utiles/;301
https://www.bassin-aubenas.fr/services/voirie/routes-intercommunales-quest-ce-que-ca-veut-dire/;/services-demarches/voirie/routes-intercommunales/;301
https://www.bassin-aubenas.fr/voeux/;/contenus/voeux/;301
